givz_id,splc_id,title,city,state,group,ideology,headquarters,statewide,year,black_listed_flag 
,1,Abiding Truth Ministries,Springfield,Massachusetts,,Anti-LGBT,Yes,,2018,Y
,2,Alliance Defending Freedom,Scottsdale,Arizona,Alliance Defending Freedom,Anti-LGBT,Yes,,2018,Y
,3,American College of Pediatricians,Gainesville,Florida,American College of Pediatricians,Anti-LGBT,Yes,,2018,Y
,4,American Family Association,Tupelo,Mississippi,American Family Association,Anti-LGBT,Yes,,2018,Y
,5,American Family Association,Franklin,Pennsylvania,American Family Association,Anti-LGBT,,,2018,Y
,6,American Vision,Powder Springs,Georgia,,Anti-LGBT,Yes,,2018,Y
,7,Americans for Truth About Homosexuality,Naperville,Illinois,,Anti-LGBT,Yes,,2018,Y
,8,ATLAH World Missionary Church (All The Land Anointed Holy),New York,New York,,Anti-LGBT,Yes,,2018,Y
,9,Bible Believers Fellowship,Worthington,Ohio,,Anti-LGBT,Yes,,2018,Y
,10,"Campus Ministry USA, The",Terre Haute,Indiana,,Anti-LGBT,Yes,,2018,Y
,11,Center for Family and Human Rights (C-FAM),Washington,District of Columbia,,Anti-LGBT,,,2018,Y
,12,Center for Family and Human Rights (C-FAM),New York,New York,,Anti-LGBT,Yes,,2018,Y
,13,Chalcedon Foundation,Vallecito,California,,Anti-LGBT,Yes,,2018,Y
,14,Church Militant/St. Michael's Media,Ferndale,Michigan,,Anti-LGBT,Yes,,2018,Y
,15,Concerned Christian Citizens,Temple,Texas,,Anti-LGBT,Yes,,2018,Y
,16,Conservative Republicans of Texas,Houston,Texas,,Anti-LGBT,Yes,,2018,Y
,17,D. James Kennedy Ministries,Fort Lauderdale,Florida,,Anti-LGBT,Yes,,2018,Y
,18,Faith2Action,North Royalton,Ohio,,Anti-LGBT,Yes,,2018,Y
,19,Faithful Word Baptist Church,Tempe,Arizona,,Anti-LGBT,Yes,,2018,Y
,20,Family Research Council,Washington,District of Columbia,Family Research Council,Anti-LGBT,Yes,,2018,Y
,21,Family Research Institute,Colorado Springs,Colorado,,Anti-LGBT,Yes,,2018,Y
,22,Family Watch International,Gilbert,Arizona,Family Watch International,Anti-LGBT,Yes,,2018,Y
,23,Generations,Elizabeth,Colorado,,Anti-LGBT,Yes,,2018,Y
,24,Heterosexuals Organized for a Moral Environment (H.O.M.E.),Downers Grove,Illinois,,Anti-LGBT,Yes,,2018,Y
,25,Illinois Family Institute,Carol Stream,Illinois,,Anti-LGBT,Yes,,2018,Y
,26,Liberty Counsel,Orlando,Florida,Liberty Counsel,Anti-LGBT,Yes,,2018,Y
,27,Mass Resistance,Torrance,California,,Anti-LGBT,,,2018,Y
,28,Mass Resistance,Denver,Colorado,,Anti-LGBT,,,2018,Y
,29,Mass Resistance,Waltham,Massachusetts,,Anti-LGBT,Yes,,2018,Y
,30,Mass Resistance,Ft. Worth,Texas,,Anti-LGBT,,,2018,Y
,31,Mission: America,Columbus,Ohio,,Anti-LGBT,Yes,,2018,Y
,32,Pacific Justice Institute,Sacramento,California,Pacific Justice Institute,Anti-LGBT,Yes,,2018,Y
,33,Pass the Salt Ministries,Hebron,Ohio,,Anti-LGBT,Yes,,2018,Y
,34,Pilgrims Covenant Church,Monroe,Wisconsin,,Anti-LGBT,Yes,,2018,Y
,35,"Pray in Jesus Name Project, The",Colorado Springs,Colorado,,Anti-LGBT,Yes,,2018,Y
,36,Probe Ministries,Plano,Texas,,Anti-LGBT,Yes,,2018,Y
,37,Public Advocate of the United States,Merrifield,Virginia,,Anti-LGBT,Yes,,2018,Y
,38,Ruth Institute,Lake Charles,Louisiana,Ruth Institute,Anti-LGBT,Yes,,2018,Y
,39,Save California,Sacramento,California,,Anti-LGBT,Yes,,2018,Y
,40,Stedfast Baptist Church,Jacksonville,Florida,,Anti-LGBT,,,2018,Y
,41,Stedfast Baptist Church,Fort Worth,Texas,,Anti-LGBT,Yes,,2018,Y
,42,Sure Foundation Baptist Church,Vancouver,Washington,,Anti-LGBT,Yes,,2018,Y
,43,Tom Brown Ministries,El Paso,Texas,,Anti-LGBT,Yes,,2018,Y
,44,True Light Pentecost Church,Spartanburg,South Carolina,,Anti-LGBT,Yes,,2018,Y
,45,United Families International,Gilbert,Arizona,,Anti-LGBT,Yes,,2018,Y
,46,Verity Baptist Church,Sacramento,California,,Anti-LGBT,Yes,,2018,Y
,47,Warriors for Christ,Martinsburg,West Virginia,,Anti-LGBT,Yes,,2018,Y
,48,Westboro Baptist Church,Topeka,Kansas,Westboro Baptist Church,Anti-LGBT,Yes,,2018,Y
,49,World Congress of Families/International Organization for the Family,Rockford,Illinois,World Congress of Families,Anti-LGBT,Yes,,2018,Y
,50,ACT for America,Jonesboro,Arkansas,ACT for America ,Anti-Muslim,,,2018,Y
,51,ACT for America,Tucson,Arizona,ACT for America ,Anti-Muslim,,,2018,Y
,52,ACT for America,Corona,California,ACT for America ,Anti-Muslim,,,2018,Y
,53,ACT for America,Mission Viejo,California,ACT for America ,Anti-Muslim,,,2018,Y
,54,ACT for America,Los Angeles,California,ACT for America ,Anti-Muslim,,,2018,Y
,55,ACT for America,Upland,California,ACT for America ,Anti-Muslim,,,2018,Y
,56,ACT for America,,California,ACT for America ,Anti-Muslim,,Yes,2018,Y
,57,ACT for America,Riverside County,California,ACT for America ,Anti-Muslim,,,2018,Y
,58,ACT for America,Santa Clarita,California,ACT for America ,Anti-Muslim,,,2018,Y
,59,ACT for America,Laguna Woods,California,ACT for America ,Anti-Muslim,,,2018,Y
,60,ACT for America,Denver,Colorado,ACT for America ,Anti-Muslim,,,2018,Y
,61,ACT for America,,Connecticut,ACT for America ,Anti-Muslim,,Yes,2018,Y
,62,ACT for America,Cheshire,Connecticut,ACT for America ,Anti-Muslim,,,2018,Y
,63,ACT for America,Bear,Delaware,ACT for America ,Anti-Muslim,,,2018,Y
,64,ACT for America,Washington,District of Columbia,ACT for America ,Anti-Muslim,Yes,,2018,Y
,65,ACT for America,Heathrow,Florida,ACT for America ,Anti-Muslim,,,2018,Y
,66,ACT for America,Jacksonville,Florida,ACT for America ,Anti-Muslim,,,2018,Y
,67,ACT for America,Meridian,Idaho,ACT for America ,Anti-Muslim,,,2018,Y
,68,ACT for America,Des Plaines,Illinois,ACT for America ,Anti-Muslim,,,2018,Y
,69,ACT for America,Lafayette,Indiana,ACT for America ,Anti-Muslim,,,2018,Y
,70,ACT for America,Terre Haute,Indiana,ACT for America ,Anti-Muslim,,,2018,Y
,71,ACT for America,Baton Rouge,Louisiana,ACT for America ,Anti-Muslim,,,2018,Y
,72,ACT for America,Metairie,Louisiana,ACT for America ,Anti-Muslim,,,2018,Y
,73,ACT for America,Norway,Maine,ACT for America ,Anti-Muslim,,,2018,Y
,74,ACT for America,Cape Cod,Massachusetts,ACT for America ,Anti-Muslim,,,2018,Y
,75,ACT for America,Boston,Massachusetts,ACT for America ,Anti-Muslim,Yes,,2018,Y
,76,ACT for America,Kansas City,Missouri,ACT for America ,Anti-Muslim,,,2018,Y
,77,ACT for America,Minneapolis,Minnesota,ACT for America ,Anti-Muslim,,,2018,Y
,78,ACT for America,Whitehall,Montana,ACT for America ,Anti-Muslim,,,2018,Y
,79,ACT for America,Fayetteville,North Carolina,ACT for America ,Anti-Muslim,,,2018,Y
,80,ACT for America,Hopkinton,New Hampshire,ACT for America ,Anti-Muslim,,,2018,Y
,81,ACT for America,Hauppauge,New York,ACT for America ,Anti-Muslim,,,2018,Y
,82,ACT for America,Nashua,New Hampshire,ACT for America ,Anti-Muslim,,,2018,Y
,83,ACT for America,Columbus,Ohio,ACT for America ,Anti-Muslim,,,2018,Y
,84,ACT for America,Cincinnati,Ohio,ACT for America ,Anti-Muslim,,,2018,Y
,85,ACT for America,Cleveland,Ohio,ACT for America ,Anti-Muslim,,,2018,Y
,86,ACT for America,Pittsburgh,Pennsylvania,ACT for America ,Anti-Muslim,,,2018,Y
,87,ACT for America,Rapid City,South Dakota,ACT for America ,Anti-Muslim,,,2018,Y
,88,ACT for America,Coffee County,Tennessee,ACT for America ,Anti-Muslim,,,2018,Y
,89,ACT for America,Austin,Texas,ACT for America ,Anti-Muslim,,,2018,Y
,90,ACT for America,Knoxville,Tennessee,ACT for America ,Anti-Muslim,,,2018,Y
,91,ACT for America,Houston,Texas,ACT for America ,Anti-Muslim,,,2018,Y
,92,ACT for America,Leesburg,Virginia,ACT for America ,Anti-Muslim,Yes,,2018,Y
,93,ACT for America,Virginia Beach,Virginia,ACT for America ,Anti-Muslim,,,2018,Y
,94,ACT for America,Spokane Valley,Washington,ACT for America ,Anti-Muslim,,,2018,Y
,95,ACT for America,South Charleston,West Virginia,ACT for America ,Anti-Muslim,,,2018,Y
,96,ACT for America,Oostburg,Wisconsin,ACT for America ,Anti-Muslim,,,2018,Y
,97,American Freedom Alliance,Los Angeles,California,,Anti-Muslim,Yes,,2018,Y
,98,American Freedom Defense Initiative,New York,New York,,Anti-Muslim,Yes,,2018,Y
,99,American Freedom Law Center,Ann Arbor,Michigan,,Anti-Muslim,Yes,,2018,Y
,100,American Public Policy Alliance,Washington,District of Columbia,,Anti-Muslim,,,2018,Y
,101,Bomb Islam,Phoenix,Arizona,,Anti-Muslim,,,2018,Y
,102,Bureau on American Islamic Relations,Irving,Texas,,Anti-Muslim,Yes,,2018,Y
,103,Center for Security Policy,Washington,District of Columbia,Center for Security Policy,Anti-Muslim,Yes,,2018,Y
,104,Christian Action Network,Forest,Virginia,,Anti-Muslim,Yes,,2018,Y
,105,Citizens for National Security,Boca Raton,Florida,,Anti-Muslim,Yes,,2018,Y
,106,Citizens for the St. Croix Valley,Hudson,Wisconsin,,Anti-Muslim,,,2018,Y
,107,Citizens' Action Group of South Florida,Hollywood,Florida,,Anti-Muslim,Yes,,2018,Y
,108,Clarion Project,Washington,District of Columbia,,Anti-Muslim,Yes,,2018,Y
,109,Counter Jihad Coalition,Santa Monica,California,,Anti-Muslim,Yes,,2018,Y
,110,Cultures In Context Incorporated/Turning Point Project,Immokalee,Florida,,Anti-Muslim,,,2018,Y
,111,David Horowitz Freedom Center,Los Angeles,California,,Anti-Muslim,,,2018,Y
,112,Faith Leaders for America,Washington,District of Columbia,,Anti-Muslim,,,2018,Y
,113,Family Security Matters,Washington,District of Columbia,Family Security Matters,Anti-Muslim,Yes,,2018,Y
,114,Florida Family Association,Tampa,Florida,,Anti-Muslim,Yes,,2018,Y
,115,Fortress of Faith,Bellingham,Washington,,Anti-Muslim,,,2018,Y
,116,Foundation for Advocating Christian Truth,Bronx,New York,,Anti-Muslim,,,2018,Y
,117,G416 Patriots,Meridian,Idaho,,Anti-Muslim,,,2018,Y
,118,G416 Patriots,Boerne,Texas,,Anti-Muslim,,,2018,Y
,119,Glasov Gang Productions,Los Angeles,California,,Anti-Muslim,,,2018,Y
,120,Global Faith Institute,Omaha,Nebraska,,Anti-Muslim,,,2018,Y
,121,Jihad Watch,Sherman Oaks,California,,Anti-Muslim,Yes,,2018,Y
,122,Keep South Dakota Safe PAC,Aberdeen,South Dakota,,Anti-Muslim,,,2018,Y
,123,Last Chance Patriots,Dayton,Montana,,Anti-Muslim,,,2018,Y
,124,North Carolina Pastors Network,Morganton,North Carolina,,Anti-Muslim,,,2018,Y
,125,Political Islam,Nashville,Tennessee,,Anti-Muslim,Yes,,2018,Y
,126,Proclaiming Justice to the Nations,Franklin,Tennessee,,Anti-Muslim,,,2018,Y
,127,Radio Jihad/Global Patriot Radio,,New York,,Anti-Muslim,Yes,Yes,2018,Y
,128,Refugee Resettlement Watch,Fairplay,Maryland,,Anti-Muslim,Yes,,2018,Y
,129,Sharia Crime Stoppers,Mount Clemens,Michigan,,Anti-Muslim,,,2018,Y
,130,"Shoebat Foundation, The",Newtown,Pennsylvania,,Anti-Muslim,Yes,,2018,Y
,131,Soldiers of Odin,,California,,Anti-Muslim,,Yes,2018,Y
,132,Soldiers of Odin,,Florida,,Anti-Muslim,,Yes,2018,Y
,133,Soldiers of Odin,,Indiana,,Anti-Muslim,,Yes,2018,Y
,134,Soldiers of Odin,,Missouri,,Anti-Muslim,Yes,Yes,2018,Y
,135,Soldiers of Odin,,North Carolina,,Anti-Muslim,,Yes,2018,Y
,136,Soldiers of Odin,,North Dakota,,Anti-Muslim,,Yes,2018,Y
,137,Soldiers of Odin,,South Carolina,,Anti-Muslim,,Yes,2018,Y
,138,Soldiers of Odin,,Texas,,Anti-Muslim,,Yes,2018,Y
,139,Soldiers of Odin,Denver,Colorado,,Anti-Muslim,,,2018,Y
,140,Soldiers of Odin,,Illinois,,Anti-Muslim,,Yes,2018,Y
,141,Southeast Michigan Tea Party,Utica,Michigan,,Anti-Muslim,,,2018,Y
,142,"Straight Way and More, The",Venice,Florida,,Anti-Muslim,,,2018,Y
,143,Sunshine on Government (SONG) Alliance,Newton,Georgia,,Anti-Muslim,Yes,,2018,Y
,144,Truth in Love Project,Chattaroy,Washington,,Anti-Muslim,Yes,,2018,Y
,145,Truth in Textbooks,Boerne,Texas,,Anti-Muslim,,,2018,Y
,146,Unconstrained Analytics,Washington,District of Columbia,,Anti-Muslim,,,2018,Y
,147,Understanding the Threat,Dallas,Texas,,Anti-Muslim,Yes,,2018,Y
,148,"United West, The",Lake Worth,Florida,,Anti-Muslim,Yes,,2018,Y
,149,Virginia Christian Alliance,Henrico,Virginia,,Anti-Muslim,,,2018,Y
,150,All Eyes On Egypt Bookstore,Macon,Georgia,,Black Nationalist,Yes,,2018,Y
,151,Ambassadors of Christ,Brooklyn,New York,,Black Nationalist,Yes,,2018,Y
,152,Ancient Egyptian Distribution Company,Jersey City,New Jersey,,Black Nationalist,Yes,,2018,Y
,153,Army of Israel,Orlando,Florida,,Black Nationalist,,,2018,Y
,154,Army of Israel,,Missouri,,Black Nationalist,,Yes,2018,Y
,155,Army of Israel,Cleveland,Ohio,,Black Nationalist,Yes,,2018,Y
,156,Black Riders Liberation Party,Oakland,California,,Black Nationalist,Yes,,2018,Y
,157,Black Riders Liberation Party,Los Angeles,California,,Black Nationalist,Yes,,2018,Y
,158,Black Riders Liberation Party,Las Vegas,Nevada,,Black Nationalist,,,2018,Y
,159,Black Riders Liberation Party,New York,New York,,Black Nationalist,,,2018,Y
,160,Black Riders Liberation Party,Portland,Oregon,,Black Nationalist,,,2018,Y
,161,Black Riders Liberation Party,Houston,Texas,,Black Nationalist,,,2018,Y
,162,Great Millstone,Birmingham,Alabama,,Black Nationalist,,,2018,Y
,163,Great Millstone,Los Angeles,California,,Black Nationalist,,,2018,Y
,164,Great Millstone,Miami,Florida,,Black Nationalist,,,2018,Y
,165,Great Millstone,Tampa,Florida,,Black Nationalist,,,2018,Y
,166,Great Millstone,Atlanta,Georgia,,Black Nationalist,,,2018,Y
,167,Great Millstone,Honolulu,Hawaii,,Black Nationalist,,,2018,Y
,168,Great Millstone,Chicago,Illinois,,Black Nationalist,,,2018,Y
,169,Great Millstone,Indianapolis,Indiana,,Black Nationalist,,,2018,Y
,170,Great Millstone,Des Moines,Iowa,,Black Nationalist,,,2018,Y
,171,Great Millstone,,Louisiana,,Black Nationalist,,Yes,2018,Y
,172,Great Millstone,Baltimore,Maryland,,Black Nationalist,,,2018,Y
,173,Great Millstone,Detroit,Michigan,,Black Nationalist,,,2018,Y
,174,Great Millstone,,Mississippi,,Black Nationalist,,Yes,2018,Y
,175,Great Millstone,St. Louis,Missouri,,Black Nationalist,,,2018,Y
,176,Great Millstone,,Nebraska,,Black Nationalist,,Yes,2018,Y
,177,Great Millstone,New York,New York,,Black Nationalist,Yes,,2018,Y
,178,Great Millstone,Charlotte,North Carolina,,Black Nationalist,,,2018,Y
,179,Great Millstone,Cleveland,Ohio,,Black Nationalist,,,2018,Y
,180,Great Millstone,Memphis,Tennessee,,Black Nationalist,,,2018,Y
,181,Great Millstone,Dallas,Texas,,Black Nationalist,,,2018,Y
,182,Great Millstone,San Antonio,Texas,,Black Nationalist,,,2018,Y
,183,Great Millstone,Houston,Texas,,Black Nationalist,,,2018,Y
,184,Great Millstone,,Wisconsin,,Black Nationalist,,Yes,2018,Y
,185,House of David,Brooklyn,New York,,Black Nationalist,Yes,,2018,Y
,186,House of Israel,Washington,District of Columbia,,Black Nationalist,,,2018,Y
,187,House of Israel,Atlanta,Georgia,,Black Nationalist,,,2018,Y
,188,House of Israel,New York,New York,,Black Nationalist,Yes,,2018,Y
,189,International Society of Indigenous Sovereigns,New York,New York,,Black Nationalist,Yes,,2018,Y
,190,Israel United In Christ,Center Point,Alabama,,Black Nationalist,,,2018,Y
,191,Israel United In Christ,Mobile,Alabama,,Black Nationalist,,,2018,Y
,192,Israel United In Christ,,Arkansas,,Black Nationalist,,Yes,2018,Y
,193,Israel United In Christ,Phoenix,Arizona,,Black Nationalist,,,2018,Y
,194,Israel United In Christ,Los Angeles,California,,Black Nationalist,,,2018,Y
,195,Israel United In Christ,Denver,Colorado,,Black Nationalist,,,2018,Y
,196,Israel United In Christ,Washington,District of Columbia,,Black Nationalist,,,2018,Y
,197,Israel United In Christ,Orlando,Florida,,Black Nationalist,,,2018,Y
,198,Israel United In Christ,Tallahassee,Florida,,Black Nationalist,,,2018,Y
,199,Israel United In Christ,Miami,Florida,,Black Nationalist,,,2018,Y
,200,Israel United In Christ,Jacksonville,Florida,,Black Nationalist,,,2018,Y
,201,Israel United In Christ,Savannah,Georgia,,Black Nationalist,,,2018,Y
,202,Israel United In Christ,Atlanta,Georgia,,Black Nationalist,,,2018,Y
,203,Israel United In Christ,Honolulu,Hawaii,,Black Nationalist,,,2018,Y
,204,Israel United In Christ,Chicago,Illinois,,Black Nationalist,,,2018,Y
,205,Israel United In Christ,Kansas City,Kansas,,Black Nationalist,,,2018,Y
,206,Israel United In Christ,Louisville,Kentucky,,Black Nationalist,,,2018,Y
,207,Israel United In Christ,Lafayette,Louisiana,,Black Nationalist,,,2018,Y
,208,Israel United In Christ,New Orleans,Louisiana,,Black Nationalist,,,2018,Y
,209,Israel United In Christ,Boston,Massachusetts,,Black Nationalist,,,2018,Y
,210,Israel United In Christ,Detroit,Michigan,,Black Nationalist,,,2018,Y
,211,Israel United In Christ,Jackson,Mississippi,,Black Nationalist,,,2018,Y
,212,Israel United In Christ,St. Louis,Missouri,,Black Nationalist,,,2018,Y
,213,Israel United In Christ,Mount Vernon,New York,,Black Nationalist,Yes,,2018,Y
,214,Israel United In Christ,Rochester,New York,,Black Nationalist,,,2018,Y
,215,Israel United In Christ,Newark,New Jersey,,Black Nationalist,,,2018,Y
,216,Israel United In Christ,Concord,North Carolina,,Black Nationalist,,,2018,Y
,217,Israel United In Christ,Northern California,California,,Black Nationalist,,,2018,Y
,218,Israel United In Christ,Las Vegas,Nevada,,Black Nationalist,,,2018,Y
,219,Israel United In Christ,Heath,Ohio,,Black Nationalist,,,2018,Y
,220,Israel United In Christ,Oklahoma City,Oklahoma,,Black Nationalist,,,2018,Y
,221,Israel United In Christ,Tulsa,Oklahoma,,Black Nationalist,,,2018,Y
,222,Israel United In Christ,Pittsburgh,Pennsylvania,,Black Nationalist,,,2018,Y
,223,Israel United In Christ,Philadelphia,Pennsylvania,,Black Nationalist,,,2018,Y
,224,Israel United In Christ,Columbia,South Carolina,,Black Nationalist,,,2018,Y
,225,Israel United In Christ,Memphis,Tennessee,,Black Nationalist,,,2018,Y
,226,Israel United In Christ,Nashville,Tennessee,,Black Nationalist,,,2018,Y
,227,Israel United In Christ,Corpus Christi,Texas,,Black Nationalist,,,2018,Y
,228,Israel United In Christ,Houston,Texas,,Black Nationalist,,,2018,Y
,229,Israel United In Christ,San Antonio,Texas,,Black Nationalist,,,2018,Y
,230,Israel United In Christ,Austin,Texas,,Black Nationalist,,,2018,Y
,231,Israel United In Christ,Dallas,Texas,,Black Nationalist,,,2018,Y
,232,Israel United In Christ,Hampton,Virginia,,Black Nationalist,,,2018,Y
,233,Israel United In Christ,Seattle,Washington,,Black Nationalist,,,2018,Y
,234,"Israelite Church of God in Jesus Christ, The",West Palm Beach,Florida,,Black Nationalist,,,2018,Y
,235,"Israelite Church of God in Jesus Christ, The",Baltimore,Maryland,,Black Nationalist,,,2018,Y
,236,"Israelite Church of God in Jesus Christ, The",Greensboro,North Carolina,,Black Nationalist,,,2018,Y
,237,"Israelite Church of God in Jesus Christ, The",New York,New York,,Black Nationalist,Yes,,2018,Y
,238,"Israelite Church of God in Jesus Christ, The",Philadelphia,Pennsylvania,,Black Nationalist,,,2018,Y
,239,"Israelite Church of God in Jesus Christ, The",Pittsburgh,Pennsylvania,,Black Nationalist,,,2018,Y
,240,Israelite School of Universal Practical Knowledge,Los Angeles,California,,Black Nationalist,,,2018,Y
,241,Israelite School of Universal Practical Knowledge,Oakland,California,,Black Nationalist,,,2018,Y
,242,Israelite School of Universal Practical Knowledge,Washington,District of Columbia,,Black Nationalist,,,2018,Y
,243,Israelite School of Universal Practical Knowledge,Jacksonville,Florida,,Black Nationalist,,,2018,Y
,244,Israelite School of Universal Practical Knowledge,Tampa,Florida,,Black Nationalist,,,2018,Y
,245,Israelite School of Universal Practical Knowledge,Atlanta,Georgia,,Black Nationalist,,,2018,Y
,246,Israelite School of Universal Practical Knowledge,Chicago,Illinois,,Black Nationalist,,,2018,Y
,247,Israelite School of Universal Practical Knowledge,Indianapolis,Indiana,,Black Nationalist,,,2018,Y
,248,Israelite School of Universal Practical Knowledge,Louisville,Kentucky,,Black Nationalist,,,2018,Y
,249,Israelite School of Universal Practical Knowledge,,Louisiana,,Black Nationalist,,Yes,2018,Y
,250,Israelite School of Universal Practical Knowledge,Baltimore,Maryland,,Black Nationalist,Yes,,2018,Y
,251,Israelite School of Universal Practical Knowledge,Lynn,Massachusetts,,Black Nationalist,,,2018,Y
,252,Israelite School of Universal Practical Knowledge,Detroit,Michigan,,Black Nationalist,,,2018,Y
,253,Israelite School of Universal Practical Knowledge,Minneapolis,Minnesota,,Black Nationalist,,,2018,Y
,254,Israelite School of Universal Practical Knowledge,,Mississippi,,Black Nationalist,,Yes,2018,Y
,255,Israelite School of Universal Practical Knowledge,Kansas City,Missouri,,Black Nationalist,,,2018,Y
,256,Israelite School of Universal Practical Knowledge,St. Louis,Missouri,,Black Nationalist,,,2018,Y
,257,Israelite School of Universal Practical Knowledge,New York,New York,,Black Nationalist,,,2018,Y
,258,Israelite School of Universal Practical Knowledge,Syracuse,New York,,Black Nationalist,,,2018,Y
,259,Israelite School of Universal Practical Knowledge,Greensboro,North Carolina,,Black Nationalist,,,2018,Y
,260,Israelite School of Universal Practical Knowledge,Winston-Salem,North Carolina,,Black Nationalist,,,2018,Y
,261,Israelite School of Universal Practical Knowledge,Durham,North Carolina,,Black Nationalist,,,2018,Y
,262,Israelite School of Universal Practical Knowledge,Greenville,North Carolina,,Black Nationalist,,,2018,Y
,263,Israelite School of Universal Practical Knowledge,Fayetteville,North Carolina,,Black Nationalist,,,2018,Y
,264,Israelite School of Universal Practical Knowledge,Wilmington,North Carolina,,Black Nationalist,,,2018,Y
,265,Israelite School of Universal Practical Knowledge,Charlotte,North Carolina,,Black Nationalist,,,2018,Y
,266,Israelite School of Universal Practical Knowledge,Cincinnati,Ohio,,Black Nationalist,,,2018,Y
,267,Israelite School of Universal Practical Knowledge,Oklahoma City,Oklahoma,,Black Nationalist,,,2018,Y
,268,Israelite School of Universal Practical Knowledge,Portland,Oregon,,Black Nationalist,,,2018,Y
,269,Israelite School of Universal Practical Knowledge,Upper Darby,Pennsylvania,,Black Nationalist,Yes,,2018,Y
,270,Israelite School of Universal Practical Knowledge,Greenville,South Carolina,,Black Nationalist,,,2018,Y
,271,Israelite School of Universal Practical Knowledge,Charleston,South Carolina,,Black Nationalist,,,2018,Y
,272,Israelite School of Universal Practical Knowledge,Nashville,Tennessee,,Black Nationalist,,,2018,Y
,273,Israelite School of Universal Practical Knowledge,Fort Worth,Texas,,Black Nationalist,,,2018,Y
,274,Israelite School of Universal Practical Knowledge,Houston,Texas,,Black Nationalist,,,2018,Y
,275,Israelite School of Universal Practical Knowledge,Richmond,Virginia,,Black Nationalist,,,2018,Y
,276,Israelite the Branches,Baltimore,Maryland,,Black Nationalist,Yes,,2018,Y
,277,Israelites Saints of Christ,Huntsville,Alabama,,Black Nationalist,,,2018,Y
,278,Israelites Saints of Christ,,California,,Black Nationalist,,Yes,2018,Y
,279,Israelites Saints of Christ,Washington,District of Columbia,,Black Nationalist,,,2018,Y
,280,Israelites Saints of Christ,Savannah,Georgia,,Black Nationalist,,,2018,Y
,281,Israelites Saints of Christ,,New Jersey,,Black Nationalist,,Yes,2018,Y
,282,Israelites Saints of Christ,,North Carolina,,Black Nationalist,,Yes,2018,Y
,283,Israelites Saints of Christ,Richmond,Virginia,,Black Nationalist,Yes,,2018,Y
,284,Lion of Judah - Jeshurun Lions,Chicago,Illinois,,Black Nationalist,Yes,,2018,Y
,285,Lions of Israel,Mount Vernon,New York,,Black Nationalist,Yes,,2018,Y
,286,Luxor Couture,Atlanta,Georgia,,Black Nationalist,Yes,,2018,Y
,287,Masharah Yasharahla - Government of Israel,Raleigh,North Carolina,,Black Nationalist,Yes,,2018,Y
,288,Mountains of Israel,Houston,Texas,,Black Nationalist,Yes,,2018,Y
,289,Nation of Islam,Birmingham,Alabama,Nation of Islam,Black Nationalist,,,2018,Y
,290,Nation of Islam,Montgomery,Alabama,Nation of Islam,Black Nationalist,,,2018,Y
,291,Nation of Islam,Mobile,Alabama,Nation of Islam,Black Nationalist,,,2018,Y
,292,Nation of Islam,Tucson,Arizona,Nation of Islam,Black Nationalist,,,2018,Y
,293,Nation of Islam,North Little Rock,Arkansas,Nation of Islam,Black Nationalist,,,2018,Y
,294,Nation of Islam,Phoenix,Arizona,Nation of Islam,Black Nationalist,,,2018,Y
,295,Nation of Islam,Rialto,California,Nation of Islam,Black Nationalist,,,2018,Y
,296,Nation of Islam,San Diego,California,Nation of Islam,Black Nationalist,,,2018,Y
,297,Nation of Islam,Oakland,California,Nation of Islam,Black Nationalist,,,2018,Y
,298,Nation of Islam,Los Angeles,California,Nation of Islam,Black Nationalist,,,2018,Y
,299,Nation of Islam,Compton,California,Nation of Islam,Black Nationalist,,,2018,Y
,300,Nation of Islam,Denver,Colorado,Nation of Islam,Black Nationalist,,,2018,Y
,301,Nation of Islam,Washington,District of Columbia,Nation of Islam,Black Nationalist,,,2018,Y
,302,Nation of Islam,Wilmington,Delaware,Nation of Islam,Black Nationalist,,,2018,Y
,303,Nation of Islam,Tampa,Florida,Nation of Islam,Black Nationalist,,,2018,Y
,304,Nation of Islam,Saint Petersburg,Florida,Nation of Islam,Black Nationalist,,,2018,Y
,305,Nation of Islam,Pensacola,Florida,Nation of Islam,Black Nationalist,,,2018,Y
,306,Nation of Islam,Miami,Florida,Nation of Islam,Black Nationalist,,,2018,Y
,307,Nation of Islam,Jacksonville,Florida,Nation of Islam,Black Nationalist,,,2018,Y
,308,Nation of Islam,Fort Lauderdale,Florida,Nation of Islam,Black Nationalist,,,2018,Y
,309,Nation of Islam,Orlando,Florida,Nation of Islam,Black Nationalist,,,2018,Y
,310,Nation of Islam,Augusta,Georgia,Nation of Islam,Black Nationalist,,,2018,Y
,311,Nation of Islam,Brunswick,Georgia,Nation of Islam,Black Nationalist,,,2018,Y
,312,Nation of Islam,Atlanta,Georgia,Nation of Islam,Black Nationalist,,,2018,Y
,313,Nation of Islam,Rockford,Illinois,Nation of Islam,Black Nationalist,,,2018,Y
,314,Nation of Islam,Chicago,Illinois,Nation of Islam,Black Nationalist,Yes,,2018,Y
,315,Nation of Islam,Indianapolis,Indiana,Nation of Islam,Black Nationalist,,,2018,Y
,316,Nation of Islam,Louisville,Kentucky,Nation of Islam,Black Nationalist,,,2018,Y
,317,Nation of Islam,Lexington,Kentucky,Nation of Islam,Black Nationalist,,,2018,Y
,318,Nation of Islam,Shreveport,Louisiana,Nation of Islam,Black Nationalist,,,2018,Y
,319,Nation of Islam,Baton Rouge,Louisiana,Nation of Islam,Black Nationalist,,,2018,Y
,320,Nation of Islam,New Orleans,Louisiana,Nation of Islam,Black Nationalist,,,2018,Y
,321,Nation of Islam,Monroe,Louisiana,Nation of Islam,Black Nationalist,,,2018,Y
,322,Nation of Islam,Springfield,Massachusetts,Nation of Islam,Black Nationalist,,,2018,Y
,323,Nation of Islam,Dorchester,Massachusetts,Nation of Islam,Black Nationalist,,,2018,Y
,324,Nation of Islam,Detroit,Michigan,Nation of Islam,Black Nationalist,,,2018,Y
,325,Nation of Islam,Grand Rapids,Michigan,Nation of Islam,Black Nationalist,,,2018,Y
,326,Nation of Islam,St. Louis,Missouri,Nation of Islam,Black Nationalist,,,2018,Y
,327,Nation of Islam,Kansas City,Missouri,Nation of Islam,Black Nationalist,,,2018,Y
,328,Nation of Islam,Winston-Salem,North Carolina,Nation of Islam,Black Nationalist,,,2018,Y
,329,Nation of Islam,Wilmington,North Carolina,Nation of Islam,Black Nationalist,,,2018,Y
,330,Nation of Islam,Greensboro,North Carolina,Nation of Islam,Black Nationalist,,,2018,Y
,331,Nation of Islam,Durham,North Carolina,Nation of Islam,Black Nationalist,,,2018,Y
,332,Nation of Islam,Charlotte,North Carolina,Nation of Islam,Black Nationalist,,,2018,Y
,333,Nation of Islam,Buffalo,New York,Nation of Islam,Black Nationalist,,,2018,Y
,334,Nation of Islam,Willingboro,New Jersey,Nation of Islam,Black Nationalist,,,2018,Y
,335,Nation of Islam,Trenton,New Jersey,Nation of Islam,Black Nationalist,,,2018,Y
,336,Nation of Islam,Plainfield,New Jersey,Nation of Islam,Black Nationalist,,,2018,Y
,337,Nation of Islam,Newark,New Jersey,Nation of Islam,Black Nationalist,,,2018,Y
,338,Nation of Islam,Camden,New Jersey,Nation of Islam,Black Nationalist,,,2018,Y
,339,Nation of Islam,New York,New York,Nation of Islam,Black Nationalist,,,2018,Y
,340,Nation of Islam,Rochester,New York,Nation of Islam,Black Nationalist,,,2018,Y
,341,Nation of Islam,Brooklyn,New York,Nation of Islam,Black Nationalist,,,2018,Y
,342,Nation of Islam,Toledo,Ohio,Nation of Islam,Black Nationalist,,,2018,Y
,343,Nation of Islam,Cleveland,Ohio,Nation of Islam,Black Nationalist,,,2018,Y
,344,Nation of Islam,Akron,Ohio,Nation of Islam,Black Nationalist,,,2018,Y
,345,Nation of Islam,Dayton,Ohio,Nation of Islam,Black Nationalist,,,2018,Y
,346,Nation of Islam,Dayton,Ohio,Nation of Islam,Black Nationalist,,,2018,Y
,347,Nation of Islam,Tulsa,Oklahoma,Nation of Islam,Black Nationalist,,,2018,Y
,348,Nation of Islam,Oklahoma City,Oklahoma,Nation of Islam,Black Nationalist,,,2018,Y
,349,Nation of Islam,Pittsburgh,Pennsylvania,Nation of Islam,Black Nationalist,,,2018,Y
,350,Nation of Islam,Wilkinsburg,Pennsylvania,Nation of Islam,Black Nationalist,,,2018,Y
,351,Nation of Islam,Philadelphia,Pennsylvania,Nation of Islam,Black Nationalist,,,2018,Y
,352,Nation of Islam,Columbia,South Carolina,Nation of Islam,Black Nationalist,,,2018,Y
,353,Nation of Islam,Greenville,South Carolina,Nation of Islam,Black Nationalist,,,2018,Y
,354,Nation of Islam,North Charleston,South Carolina,Nation of Islam,Black Nationalist,,,2018,Y
,355,Nation of Islam,San Antonio,Texas,Nation of Islam,Black Nationalist,,,2018,Y
,356,Nation of Islam,Fort Worth,Texas,Nation of Islam,Black Nationalist,,,2018,Y
,357,Nation of Islam,Austin,Texas,Nation of Islam,Black Nationalist,,,2018,Y
,358,Nation of Islam,Memphis,Tennessee,Nation of Islam,Black Nationalist,,,2018,Y
,359,Nation of Islam,Chattanooga,Tennessee,Nation of Islam,Black Nationalist,,,2018,Y
,360,Nation of Islam,Houston,Texas,Nation of Islam,Black Nationalist,,,2018,Y
,361,Nation of Islam,Dallas,Texas,Nation of Islam,Black Nationalist,,,2018,Y
,362,Nation of Islam,Norfolk,Virginia,Nation of Islam,Black Nationalist,,,2018,Y
,363,Nation of Islam,Richmond,Virginia,Nation of Islam,Black Nationalist,,,2018,Y
,364,Nation of Islam,Milwaukee,Wisconsin,Nation of Islam,Black Nationalist,,,2018,Y
,365,Nation of Kings and Priests,Orlando,Florida,,Black Nationalist,Yes,,2018,Y
,366,New Black Liberation Militia,,Ohio,,Black Nationalist,Yes,Yes,2018,Y
,367,New Black Panther Party,Atlanta,Georgia,New Black Panther Party,Black Nationalist,,,2018,Y
,368,New Black Panther Party,Baton Rouge,Louisiana,New Black Panther Party,Black Nationalist,,,2018,Y
,369,New Black Panther Party,Shreveport,Louisiana,New Black Panther Party,Black Nationalist,,,2018,Y
,370,New Black Panther Party,New Orleans,Louisiana,New Black Panther Party,Black Nationalist,,,2018,Y
,371,New Black Panther Party,Houston,Texas,New Black Panther Party,Black Nationalist,Yes,,2018,Y
,372,New Black Panther Party for Self Defense,Washington,District of Columbia,,Black Nationalist,,,2018,Y
,373,New Black Panther Party for Self Defense,Tampa Bay,Florida,,Black Nationalist,,,2018,Y
,374,New Black Panther Party for Self Defense,Jacksonville,Florida,,Black Nationalist,,,2018,Y
,375,New Black Panther Party for Self Defense,Tallahassee,Florida,,Black Nationalist,,,2018,Y
,376,New Black Panther Party for Self Defense,Atlanta,Georgia,,Black Nationalist,Yes,,2018,Y
,377,New Black Panther Party for Self Defense,Tupelo,Mississippi,,Black Nationalist,,,2018,Y
,378,New Black Panther Party for Self Defense,St. Louis,Missouri,,Black Nationalist,,,2018,Y
,379,New Black Panther Party for Self Defense,Memphis,Tennessee,,Black Nationalist,,,2018,Y
,380,New Black Panther Party for Self Defense,Houston,Texas,,Black Nationalist,,,2018,Y
,381,New Black Panther Party for Self Defense,Seattle,Washington,,Black Nationalist,,,2018,Y
,382,Northern Kingdom Prophets,Pueblo,Colorado,,Black Nationalist,Yes,,2018,Y
,383,OneBody in Yahawashi,Dallas,Texas,,Black Nationalist,Yes,,2018,Y
,384,Revolutionary Black Panther Party,Hope,Arkansas,,Black Nationalist,Yes,,2018,Y
,385,Revolutionary Black Panther Party,Baltimore,Maryland,,Black Nationalist,,,2018,Y
,386,Revolutionary Black Panther Party,Flint,Michigan,,Black Nationalist,,,2018,Y
,387,Revolutionary Black Panther Party,Raleigh,North Carolina,,Black Nationalist,,,2018,Y
,388,Revolutionary Black Panther Party,Philadelphia,Pennsylvania,,Black Nationalist,,,2018,Y
,389,Sicarii 1715,San Bernardino,California,,Black Nationalist,,,2018,Y
,390,Sicarii 1715,San Diego,California,,Black Nationalist,,,2018,Y
,391,Sicarii 1715,Orlando,Florida,,Black Nationalist,,,2018,Y
,392,Sicarii 1715,Atlanta,Georgia,,Black Nationalist,,,2018,Y
,393,Sicarii 1715,Dallas,Texas,,Black Nationalist,Yes,,2018,Y
,394,Sicarii 1715,Seattle,Washington,,Black Nationalist,,,2018,Y
,395,The United Nuwaupians Worldwide/All Eyes on Egipt,Hartford,Connecticut,,Black Nationalist,,,2018,Y
,396,The United Nuwaupians Worldwide/All Eyes on Egipt,Washington,District of Columbia,,Black Nationalist,,,2018,Y
,397,The United Nuwaupians Worldwide/All Eyes on Egipt,Athens,Georgia,,Black Nationalist,,,2018,Y
,398,The United Nuwaupians Worldwide/All Eyes on Egipt,Lithonia,Georgia,,Black Nationalist,,,2018,Y
,399,The United Nuwaupians Worldwide/All Eyes on Egipt,Chicago,Illinois,,Black Nationalist,,,2018,Y
,400,The United Nuwaupians Worldwide/All Eyes on Egipt,Detroit,Michigan,,Black Nationalist,,,2018,Y
,401,The United Nuwaupians Worldwide/All Eyes on Egipt,Jersey City,New Jersey,,Black Nationalist,,,2018,Y
,402,The United Nuwaupians Worldwide/All Eyes on Egipt,Newark,New Jersey,,Black Nationalist,,,2018,Y
,403,The United Nuwaupians Worldwide/All Eyes on Egipt,Charlotte,North Carolina,,Black Nationalist,,,2018,Y
,404,The United Nuwaupians Worldwide/All Eyes on Egipt,Brooklyn,New York,,Black Nationalist,Yes,,2018,Y
,405,The United Nuwaupians Worldwide/All Eyes on Egipt,Cleveland,Ohio,,Black Nationalist,,,2018,Y
,406,The United Nuwaupians Worldwide/All Eyes on Egipt,Philadelphia,Pennsylvania,,Black Nationalist,,,2018,Y
,407,True Nation Israelite Congregation,Los Angeles,California,,Black Nationalist,Yes,,2018,Y
,408,Trumpet in Philly,Philadelphia,Pennsylvania,,Black Nationalist,Yes,,2018,Y
,409,United Kingdom of Israel Congregation,Chicago,Illinois,,Black Nationalist,,,2018,Y
,410,United Kingdom of Israel Congregation,Baltimore,Maryland,,Black Nationalist,,,2018,Y
,411,United Kingdom of Israel Congregation,Hampton,Virginia,,Black Nationalist,Yes,,2018,Y
,412,War On The Horizon,Washington,District of Columbia,,Black Nationalist,Yes,,2018,Y
,413,Watchmen of Israel,Baltimore,Maryland,,Black Nationalist,Yes,,2018,Y
,414,America's Promise Ministries,Sandpoint,Idaho,America's Promise Ministries,Christian Identity,Yes,,2018,Y
,415,Christian America Ministries,Greensburg,Louisiana,,Christian Identity,Yes,,2018,Y
,416,Christian Revival Center,Harrison,Arkansas,,Christian Identity,Yes,,2018,Y
,417,Christogenea,Panama City,Florida,,Christian Identity,Yes,,2018,Y
,418,Church of Israel,Schell City,Missouri,,Christian Identity,Yes,,2018,Y
,419,Covenant People's Ministry,Brooks,Georgia,,Christian Identity,Yes,,2018,Y
,420,Divine International Church of the Web,Morton,Illinois,,Christian Identity,Yes,,2018,Y
,421,Euro Folk Radio,Chicago,Illinois,,Christian Identity,Yes,,2018,Y
,422,Fellowship of God's Covenant People,Union,Kentucky,,Christian Identity,Yes,,2018,Y
,423,Kingdom Identity Ministries,Harrison,Arkansas,Kingdom Identity Ministries ,Christian Identity,Yes,,2018,Y
,424,Mission to Israel,Scottsbluff,Nebraska,,Christian Identity,Yes,,2018,Y
,425,Our Place Fellowship,Colville,Washington,,Christian Identity,Yes,,2018,Y
,426,Restored Assembly of Elohim,Bainbridge,Ohio,,Christian Identity,Yes,,2018,Y
,427,Sacred Truth Publishing & Ministries,Mountain City,Tennessee,,Christian Identity,Yes,,2018,Y
,428,Scriptures for America Worldwide Ministries,Laporte,Colorado,,Christian Identity,Yes,,2018,Y
,429,Yahushua Dual Seed Christian Identity Ministry,Livingston,Texas,,Christian Identity,Yes,,2018,Y
,430,Yahweh's Truth,Linwood,Michigan,,Christian Identity,Yes,,2018,Y
,431,American Border Patrol,Sierra Vista,Arizona,American Border Patrol/American Patrol,Anti-Immigrant,Yes,,2018,Y
,432,American Immigration Control Foundation/Americans for Immigration Control,Monterey,Virginia,,Anti-Immigrant,Yes,,2018,Y
,433,Americans for Legal Immigration (ALIPAC),Raleigh,North Carolina,,Anti-Immigrant,,,2018,Y
,434,Californians for Population Stabilization,Santa Barbara,California,,Anti-Immigrant,Yes,,2018,Y
,435,Center for Immigration Studies,Washington,District of Columbia,Center for Immigration Studies,Anti-Immigrant,Yes,,2018,Y
,436,Colorado Alliance for Immigration Reform,Lakewood,Colorado,,Anti-Immigrant,Yes,,2018,Y
,437,"Dustin Inman Society, The",Marietta,Georgia,,Anti-Immigrant,Yes,,2018,Y
,438,Federation for American Immigration Reform,Washington,District of Columbia,Federation for American Immigration Reform,Anti-Immigrant,Yes,,2018,Y
,439,Immigration Reform Law Institute,Washington,District of Columbia,,Anti-Immigrant,Yes,,2018,Y
,440,Legal Immigrants for America,Winter Springs,Florida,,Anti-Immigrant,Yes,,2018,Y
,441,Mountain Minutemen,Tecate,California,,Anti-Immigrant,,,2018,Y
,442,Oregonians for Immigration Reform,Salem,Oregon,,Anti-Immigrant,,,2018,Y
,443,ProEnglish,Arlington,Virginia,,Anti-Immigrant,Yes,,2018,Y
,444,"Remembrance Project, The",Pleasanton,Texas,,Anti-Immigrant,,,2018,Y
,445,Respect Washington,Seattle,Washington,,Anti-Immigrant,,,2018,Y
,446,San Diegans for Secure Borders,San Diego,California,,Anti-Immigrant,Yes,,2018,Y
,447,Texans for Immigration Reduction and Enforcement,Houston,Texas,,Anti-Immigrant,,,2018,Y
,448,American Defense Records,Pittsburgh,Pennsylvania,,Hate Music,,,2018,Y
,449,BeaSSt Productions,Greensboro,North Carolina,,Hate Music,,,2018,Y
,450,Elegy Records,Clifton,New Jersey,,Hate Music,,,2018,Y
,451,Hostile Class Productions,Burbank,Illinois,,Hate Music,,,2018,Y
,452,Hypgnosis Records,,Ohio,,Hate Music,,Yes,2018,Y
,453,ISD Records,Denison,Texas,,Hate Music,Yes,,2018,Y
,454,Label 56,Baltimore,Maryland,,Hate Music,Yes,,2018,Y
,455,MSR Productions,Wheat Ridge,Colorado,,Hate Music,Yes,,2018,Y
,456,NSM88 Records,Detroit,Michigan,,Hate Music,,,2018,Y
,457,Stahlhelm Records,Milwaukee,Wisconsin,,Hate Music,Yes,,2018,Y
,458,Tightrope,Calico Rock,Arkansas,,Hate Music,Yes,,2018,Y
,459,United Riot Records,New York,New York,,Hate Music,,,2018,Y
,460,Vinlandic Werwolf Distribution,,California,,Hate Music,,Yes,2018,Y
,461,Wolf Tyr Productions,Holbrook,New York,,Hate Music,,,2018,Y
,462,Wolf's Head Records,,California,,Hate Music,,Yes,2018,Y
,463,"Barnes Review/Foundation for Economic Liberty, Inc.",Upper Marlboro,Maryland,"Barnes Review/Foundation for Economic Liberty, Inc.",Holocaust Denial,Yes,,2018,Y
,464,carolynyeager.net,Kerrville,Texas,,Holocaust Denial,Yes,,2018,Y
,465,Committee for Open Debate on the Holocaust,Mill Valley,California,,Holocaust Denial,Yes,,2018,Y
,466,Committee for Open Debate on the Holocaust,York,Pennsylvania,,Holocaust Denial,,,2018,Y
,467,Deir Yassin Remembered,Geneva,New York,,Holocaust Denial,Yes,,2018,Y
,468,Independent History & Research,Coeur d'Alene,Idaho,,Holocaust Denial,Yes,,2018,Y
,469,Institute for Historical Review,Newport Beach,California,Institute for Historical Review,Holocaust Denial,Yes,,2018,Y
,470,The Realist Report,Poway,California,,Holocaust Denial,Yes,,2018,Y
,471,Asatru Folk Assembly,,Alaska,,General Hate,,Yes,2018,Y
,472,Asatru Folk Assembly,Brownsville,California,,General Hate,Yes,,2018,Y
,473,Asatru Folk Assembly,,California,,General Hate,,Yes,2018,Y
,474,Asatru Folk Assembly,,Colorado,,General Hate,,Yes,2018,Y
,475,Asatru Folk Assembly,,Georgia,,General Hate,,Yes,2018,Y
,476,Asatru Folk Assembly,,Massachusetts,,General Hate,,Yes,2018,Y
,477,Asatru Folk Assembly,Bloomington,Minnesota,,General Hate,,,2018,Y
,478,Asatru Folk Assembly,,Missouri,,General Hate,,Yes,2018,Y
,479,Asatru Folk Assembly,,North Carolina,,General Hate,,Yes,2018,Y
,480,Asatru Folk Assembly,,North Dakota,,General Hate,,Yes,2018,Y
,481,Asatru Folk Assembly,,Ohio,,General Hate,,Yes,2018,Y
,482,Asatru Folk Assembly,,Oregon,,General Hate,,Yes,2018,Y
,483,Asatru Folk Assembly,,Pennsylvania,,General Hate,,Yes,2018,Y
,484,Asatru Folk Assembly,,South Carolina,,General Hate,,Yes,2018,Y
,485,Asatru Folk Assembly,,Texas,,General Hate,,Yes,2018,Y
,486,Asatru Folk Assembly,,Virginia,,General Hate,,Yes,2018,Y
,487,Asatru Folk Assembly,,West Virginia,,General Hate,,Yes,2018,Y
,488,Folkgard of Holda & Odin,Apache Junction,Arizona,,General Hate,,,2018,Y
,489,Gallows Tree Wotansvolk Alliance,,Florida,,General Hate,,Yes,2018,Y
,490,Gallows Tree Wotansvolk Alliance,,Iowa,,General Hate,,Yes,2018,Y
,491,Gallows Tree Wotansvolk Alliance,Grand Rapids,Michigan,,General Hate,Yes,,2018,Y
,492,Gallows Tree Wotansvolk Alliance,,Texas,,General Hate,,Yes,2018,Y
,493,Pacific Northwest Wolfpack Kindred,,Washington,,General Hate,,Yes,2018,Y
,494,Wolf Age,Grass Valley,California,,General Hate,Yes,,2018,Y
,495,Wolves of Vinland,,Oregon,,General Hate,,Yes,2018,Y
,496,Wolves of Vinland,,South Carolina,,General Hate,,Yes,2018,Y
,497,Wolves of Vinland,,Tennessee,,General Hate,,Yes,2018,Y
,498,Wolves of Vinland,Lynchburg,Virginia,,General Hate,Yes,,2018,Y
,499,Wolves of Vinland,,Washington,,General Hate,,Yes,2018,Y
,500,Wotan's Nation,Decatur,Tennessee,,General Hate,,,2018,Y
,501,211 Bootboys,Washington,District of Columbia,,General Hate,,,2018,Y
,502,211 Bootboys,New York,New York,,General Hate,Yes,,2018,Y
,503,a2z Publications,Las Vegas,Nevada,,General Hate,Yes,,2018,Y
,504,American Free Press,Upper Marlboro,Maryland,,General Hate,Yes,,2018,Y
,505,American Guard,,Arizona,,General Hate,,Yes,2018,Y
,506,American Guard,,California,,General Hate,,Yes,2018,Y
,507,American Guard,,Colorado,,General Hate,,Yes,2018,Y
,508,American Guard,,Connecticut,,General Hate,,Yes,2018,Y
,509,American Guard,,Florida,,General Hate,,Yes,2018,Y
,510,American Guard,,Idaho,,General Hate,,Yes,2018,Y
,511,American Guard,,Illinois,,General Hate,,Yes,2018,Y
,512,American Guard,,Indiana,,General Hate,Yes,Yes,2018,Y
,513,American Guard,,Michigan,,General Hate,,Yes,2018,Y
,514,American Guard,,Missouri,,General Hate,,Yes,2018,Y
,515,American Guard,,New Hampshire,,General Hate,,Yes,2018,Y
,516,American Guard,,North Carolina,,General Hate,,Yes,2018,Y
,517,American Guard,,Ohio,,General Hate,,Yes,2018,Y
,518,American Guard,,Pennsylvania,,General Hate,,Yes,2018,Y
,519,American Guard,,Rhode Island,,General Hate,,Yes,2018,Y
,520,American Guard,,Tennessee,,General Hate,,Yes,2018,Y
,521,American Guard,,Utah,,General Hate,,Yes,2018,Y
,522,Bill Keller Ministries,St. Petersburg,Florida,,General Hate,Yes,,2018,Y
,523,"Brother Nathanael Foundation, The",Priest River,Idaho,,General Hate,Yes,,2018,Y
,524,Chick Publications,Ontario,California,,General Hate,,,2018,Y
,525,Concerned Citizens and Friends of Illegal Immigration Law Enforcement,Framingham,Massachusetts,,General Hate,,,2018,Y
,526,Cultural Studies Press,New York,New York,,General Hate,Yes,,2018,Y
,527,Dixie Giftshop,,Tennessee,,General Hate,,Yes,2018,Y
,528,European-American Evangelistic Crusades,Sheridan,California,,General Hate,Yes,,2018,Y
,529,Fundamentalist Latter Day Saints,Colorado City,Arizona,Fundamentalist Church of Jesus Christ of Latter-Day Saints,General Hate,,,2018,Y
,530,Fundamentalist Latter Day Saints,,South Dakota,Fundamentalist Church of Jesus Christ of Latter-Day Saints,General Hate,,Yes,2018,Y
,531,Fundamentalist Latter Day Saints,Hildale,Utah,Fundamentalist Church of Jesus Christ of Latter-Day Saints,General Hate,Yes,,2018,Y
,532,Hatreon,Austin,Texas,,General Hate,Yes,,2018,Y
,533,Hell Shaking Street Preachers,Tillamook,Oregon,,General Hate,,,2018,Y
,534,Insight USA,Longwood,Florida,,General Hate,Yes,,2018,Y
,535,Jamaat al-Muslimeen,Baltimore,Maryland,,General Hate,Yes,,2018,Y
,536,Jewish Defense League,Brooklyn,New York,,General Hate,,,2018,Y
,537,Jewish Task Force,Fresh Meadows,New York,,General Hate,Yes,,2018,Y
,538,Kingston Group,Salt Lake City,Utah,,General Hate,Yes,,2018,Y
,539,Last Frontier Evangelism- Repent Alaska,Anchorage,Alaska,,General Hate,Yes,,2018,Y
,540,Lordship Church,Coeur d'Alene,Idaho,,General Hate,Yes,,2018,Y
,541,Masjid al Islam - As Sabiqun,Washington,District of Columbia,,General Hate,,,2018,Y
,542,Nationalist Liberty Union,Augusta,Georgia,,General Hate,,,2018,Y
,543,Official Street Preachers,Los Angeles,California,,General Hate,Yes,,2018,Y
,544,Ozark Craft LC,Harrison,Arkansas,,General Hate,,,2018,Y
,545,Patriot Movement AZ,Litchfield Park,Arizona,,General Hate,,,2018,Y
,546,Power of Prophecy,Austin,Texas,,General Hate,Yes,,2018,Y
,547,Proud Boys,Birmingham,Alabama,Proud Boys,General Hate,,,2018,Y
,548,Proud Boys,,Alaska,Proud Boys,General Hate,,Yes,2018,Y
,549,Proud Boys,,Arizona,Proud Boys,General Hate,,Yes,2018,Y
,550,Proud Boys,Little Rock,Arkansas,Proud Boys,General Hate,,,2018,Y
,551,Proud Boys,Fresno,California,Proud Boys,General Hate,,,2018,Y
,552,Proud Boys,Los Angeles,California,Proud Boys,General Hate,,,2018,Y
,553,Proud Boys,Sacramento,California,Proud Boys,General Hate,,,2018,Y
,554,Proud Boys,,Colorado,Proud Boys,General Hate,,Yes,2018,Y
,555,Proud Boys,Jacksonville,Florida,Proud Boys,General Hate,,,2018,Y
,556,Proud Boys,Tampa,Florida,Proud Boys,General Hate,,,2018,Y
,557,Proud Boys,DeLand,Florida,Proud Boys,General Hate,,,2018,Y
,558,Proud Boys,Miami,Florida,Proud Boys,General Hate,,,2018,Y
,559,Proud Boys,Gainesville,Georgia,Proud Boys,General Hate,,,2018,Y
,560,Proud Boys,Atlanta,Georgia,Proud Boys,General Hate,,,2018,Y
,561,Proud Boys,,Hawaii,Proud Boys,General Hate,,Yes,2018,Y
,562,Proud Boys,,Hawaii,Proud Boys,General Hate,,Yes,2018,Y
,563,Proud Boys,Fort Wayne,Indiana,Proud Boys,General Hate,,,2018,Y
,564,Proud Boys,Louisville,Kentucky,Proud Boys,General Hate,,,2018,Y
,565,Proud Boys,New Orleans,Louisiana,Proud Boys,General Hate,,,2018,Y
,566,Proud Boys,Baltimore,Maryland,Proud Boys,General Hate,,,2018,Y
,567,Proud Boys,,Massachusetts,Proud Boys,General Hate,,Yes,2018,Y
,568,Proud Boys,,Michigan,Proud Boys,General Hate,,Yes,2018,Y
,569,Proud Boys,Duluth,Minnesota,Proud Boys,General Hate,,,2018,Y
,570,Proud Boys,Minneapolis,Minnesota,Proud Boys,General Hate,,,2018,Y
,571,Proud Boys,St. Louis,Missouri,Proud Boys,General Hate,,,2018,Y
,572,Proud Boys,Kansas City,Missouri,Proud Boys,General Hate,,,2018,Y
,573,Proud Boys,,Nebraska,Proud Boys,General Hate,,Yes,2018,Y
,574,Proud Boys,,Nevada,Proud Boys,General Hate,,Yes,2018,Y
,575,Proud Boys,,New Hampshire,Proud Boys,General Hate,,Yes,2018,Y
,576,Proud Boys,New York,New York,Proud Boys,General Hate,Yes,,2018,Y
,577,Proud Boys,,Oklahoma,Proud Boys,General Hate,,Yes,2018,Y
,578,Proud Boys,Portland,Oregon,Proud Boys,General Hate,,,2018,Y
,579,Proud Boys,,Pennsylvania,Proud Boys,General Hate,,Yes,2018,Y
,580,Proud Boys,,South Dakota,Proud Boys,General Hate,,Yes,2018,Y
,581,Proud Boys,,Tennessee,Proud Boys,General Hate,,Yes,2018,Y
,582,Proud Boys,Dallas,Texas,Proud Boys,General Hate,,,2018,Y
,583,Proud Boys,Austin,Texas,Proud Boys,General Hate,,,2018,Y
,584,Proud Boys,Houston,Texas,Proud Boys,General Hate,,,2018,Y
,585,Proud Boys,Ogden,Utah,Proud Boys,General Hate,,,2018,Y
,586,Proud Boys,,Utah,Proud Boys,General Hate,,Yes,2018,Y
,587,Proud Boys,Spokane,Washington,Proud Boys,General Hate,,,2018,Y
,588,Proud Boys,Seattle,Washington,Proud Boys,General Hate,,,2018,Y
,589,Proud Boys,Vancouver,Washington,Proud Boys,General Hate,,,2018,Y
,590,Proud Boys,,West Virginia,Proud Boys,General Hate,,Yes,2018,Y
,591,Reformation-Bible Puritan-Baptist Church/Vatican Assassins,Newmanstown,Pennsylvania,,General Hate,Yes,,2018,Y
,592,Rense Radio Network,Ashland,Oregon,,General Hate,Yes,,2018,Y
,593,Samanta Roy Institute of Science and Technology,Shawano,Wisconsin,,General Hate,Yes,,2018,Y
,594,Sharkhunters International,Hernando,Florida,,General Hate,Yes,,2018,Y
,595,Sons of Liberty Media (formerly You Can Run But You Cannot Hide),Annandale,Minnesota,,General Hate,Yes,,2018,Y
,596,Tony Alamo Christian Ministries,Canyon Country,California,,General Hate,,,2018,Y
,597,Tony Alamo Christian Ministries,New York,New York,,General Hate,,,2018,Y
,598,"Catholic Family News/Catholic Family Ministries, Inc.",Niagara Falls,New York,,Radical Traditional Catholicism,Yes,,2018,Y
,599,Christ or Chaos,West Chester,Ohio,,Radical Traditional Catholicism,Yes,,2018,Y
,600,Culture Wars/Fidelity Press,South Bend,Indiana,,Radical Traditional Catholicism,Yes,,2018,Y
,601,"Fatima Crusader, The/International Fatima Rosary Crusade",Constable,New York,,Radical Traditional Catholicism,Yes,,2018,Y
,602,IHM Media,Richmond,New Hampshire,,Radical Traditional Catholicism,,,2018,Y
,603,IHS Press,Norfolk,Virginia,,Radical Traditional Catholicism,Yes,,2018,Y
,604,In the Spirit of Chartres Committee,Carrollton,Virginia,,Radical Traditional Catholicism,,,2018,Y
,605,"Remnant, The/The Remnant Press",Forest Lake,Minnesota,,Radical Traditional Catholicism,Yes,,2018,Y
,606,Robert Sungenis,State Line,Pennsylvania,,Radical Traditional Catholicism,Yes,,2018,Y
,607,Slaves of the Immaculate Heart of Mary,Richmond,New Hampshire,,Radical Traditional Catholicism,Yes,,2018,Y
,608,Tradition in Action,Los Angeles,California,,Radical Traditional Catholicism,Yes,,2018,Y
,609,American Christian Dixie Knights of the Ku Klux Klan,,Alabama,,Ku Klux Klan,Yes,Yes,2018,Y
,610,American Christian Dixie Knights of the Ku Klux Klan,,Florida,,Ku Klux Klan,,Yes,2018,Y
,611,American Christian Dixie Knights of the Ku Klux Klan,,Tennessee,,Ku Klux Klan,,Yes,2018,Y
,612,American Christian Knights of the Ku Klux Klan,Moselle,Mississippi,,Ku Klux Klan,Yes,,2018,Y
,613,American White Knights of the Ku Klux Klan,,Georgia,,Ku Klux Klan,,Yes,2018,Y
,614,American White Knights of the Ku Klux Klan,,Indiana,,Ku Klux Klan,Yes,Yes,2018,Y
,615,Aryan Knights of the Invisible Empire,,North Carolina,,Ku Klux Klan,Yes,Yes,2018,Y
,616,Church of the National Knights of the Ku Klux Klan,South Bend,Indiana,Church of the National Knights of the Ku Klux Klan,Ku Klux Klan,Yes,,2018,Y
,617,Church of the National Knights of the Ku Klux Klan,,Kentucky,Church of the National Knights of the Ku Klux Klan,Ku Klux Klan,,Yes,2018,Y
,618,Confederate White Knights of the Ku Klux Klan,,Maryland,,Ku Klux Klan,Yes,Yes,2018,Y
,619,Confederate White Knights of the Ku Klux Klan,Wappapello,Missouri,,Ku Klux Klan,,,2018,Y
,620,Confederate White Knights of the Ku Klux Klan,,Virginia,,Ku Klux Klan,,Yes,2018,Y
,621,East Coast Knights of the True Invisible Empire,Columbus,Ohio,,Ku Klux Klan,,,2018,Y
,622,East Coast Knights of the True Invisible Empire,Philadelphia,Pennsylvania,,Ku Klux Klan,,,2018,Y
,623,East Coast Knights of the True Invisible Empire,,North Carolina,,Ku Klux Klan,,Yes,2018,Y
,624,Global Crusaders: Order of the Ku Klux Klan,,Alabama,,Ku Klux Klan,,Yes,2018,Y
,625,Honorable Sacred Knights of the Ku Klux Klan,Madison,Indiana,,Ku Klux Klan,Yes,,2018,Y
,626,International Keystone Knights of the Ku Klux Klan,,Florida,,Ku Klux Klan,,Yes,2018,Y
,627,International Keystone Knights of the Ku Klux Klan,,Mississippi,,Ku Klux Klan,,Yes,2018,Y
,628,International Keystone Knights of the Ku Klux Klan,Cedartown,Georgia,,Ku Klux Klan,,,2018,Y
,629,Knights of the Ku Klux Klan,Harrison,Arkansas,Knights of the Ku Klux Klan,Ku Klux Klan,Yes,,2018,Y
,630,Loyal White Knights of the Ku Klux Klan,,Maryland,,Ku Klux Klan,,Yes,2018,Y
,631,Loyal White Knights of the Ku Klux Klan,,Florida,,Ku Klux Klan,,Yes,2018,Y
,632,Loyal White Knights of the Ku Klux Klan,,New York,,Ku Klux Klan,,Yes,2018,Y
,633,Loyal White Knights of the Ku Klux Klan,Pelham,North Carolina,,Ku Klux Klan,Yes,,2018,Y
,634,Loyal White Knights of the Ku Klux Klan,,Pennsylvania,,Ku Klux Klan,,Yes,2018,Y
,635,Loyal White Knights of the Ku Klux Klan,,Texas,,Ku Klux Klan,,Yes,2018,Y
,636,Loyal White Knights of the Ku Klux Klan,,Virginia,,Ku Klux Klan,,Yes,2018,Y
,637,Mississippi White Knights of the Ku Klux Klan,Bruce,Mississippi,,Ku Klux Klan,Yes,,2018,Y
,638,Noble Klans of America,,Maryland,,Ku Klux Klan,Yes,Yes,2018,Y
,639,Noble Klans of America,,New Jersey,,Ku Klux Klan,,Yes,2018,Y
,640,Nordic Order Knights of the Ku Klux Klan,,Alabama,,Ku Klux Klan,,Yes,2018,Y
,641,Nordic Order Knights of the Ku Klux Klan,Dawson Springs,Kentucky,,Ku Klux Klan,,,2018,Y
,642,"Original Knights of America, Knights of the Ku Klux Klan",Philadelphia,Mississippi,,Ku Klux Klan,Yes,,2018,Y
,643,Pacific Coast Knights of the Ku Klux Klan,Alpena,Michigan,,Ku Klux Klan,,,2018,Y
,644,Pacific Coast Knights of the Ku Klux Klan,,Oregon,,Ku Klux Klan,,Yes,2018,Y
,645,Pacific Coast Knights of the Ku Klux Klan,,California,,Ku Klux Klan,Yes,Yes,2018,Y
,646,Pacific Coast Knights of the Ku Klux Klan,,Washington,,Ku Klux Klan,,Yes,2018,Y
,647,Patriotic Brigade Knights of the Ku Klux Klan,,South Carolina,,Ku Klux Klan,,Yes,2018,Y
,648,Patriotic Brigade Knights of the Ku Klux Klan,Gladewater,Texas,,Ku Klux Klan,Yes,,2018,Y
,649,Rebel Brigade Knights True Invisible Empire,Martinsville,Virginia,,Ku Klux Klan,Yes,,2018,Y
,650,Teutonic Knights of the Ku Klux Klan,Shelbyville,Tennessee,,Ku Klux Klan,Yes,,2018,Y
,651,Texas Rebel Knights of the Ku Klux Klan,Quinlan,Texas,,Ku Klux Klan,Yes,,2018,Y
,652,Traditionalist American Knights of the Ku Klux Klan,,Florida,,Ku Klux Klan,,Yes,2018,Y
,653,Traditionalist American Knights of the Ku Klux Klan,Custer,South Dakota,,Ku Klux Klan,Yes,,2018,Y
,654,United Dixie White Knights of the Ku Klux Klan,,Mississippi,,Ku Klux Klan,Yes,Yes,2018,Y
,655,United Klans of America,,Alabama,,Ku Klux Klan,,Yes,2018,Y
,656,United Klans of America,McMinnville,Tennessee,,Ku Klux Klan,,,2018,Y
,657,United Northern and Southern Knights of the Ku Klux Klan,Ellijay,Georgia,,Ku Klux Klan,Yes,,2018,Y
,658,United White Knights of the Ku Klux Klan,New Boston,Texas,,Ku Klux Klan,Yes,,2018,Y
,659,White Knights of Texas,DeKalb,Texas,,Ku Klux Klan,Yes,,2018,Y
,660,A Voice For Men,Houston,Texas,,Male Supremacy,,,2018,Y
,661,Return of Kings,Washington,District of Columbia,,Male Supremacy,,,2018,Y
,662,Dixie Republic,Travelers Rest,South Carolina,,Neo-Confederate,,,2018,Y
,663,Identity Dixie,,Florida,,Neo-Confederate,,Yes,2018,Y
,664,Identity Dixie,,Georgia,,Neo-Confederate,,Yes,2018,Y
,665,Identity Dixie,,Louisiana,,Neo-Confederate,,Yes,2018,Y
,666,Identity Dixie,,North Carolina,,Neo-Confederate,,Yes,2018,Y
,667,Identity Dixie,,Tennessee,,Neo-Confederate,,Yes,2018,Y
,668,Identity Dixie,,Texas,,Neo-Confederate,,Yes,2018,Y
,669,Identity Dixie,Statewide,Virginia,,Neo-Confederate,,,2018,Y
,670,League of the South,Killen,Alabama,League of the South,Neo-Confederate,Yes,,2018,Y
,671,League of the South,Wetumpka,Alabama,League of the South,Neo-Confederate,,,2018,Y
,672,League of the South,Dothan,Alabama,League of the South,Neo-Confederate,,,2018,Y
,673,League of the South,Northport,Alabama,League of the South,Neo-Confederate,,,2018,Y
,674,League of the South,Weogufka,Alabama,League of the South,Neo-Confederate,,,2018,Y
,675,League of the South,Harrison,Arkansas,League of the South,Neo-Confederate,,,2018,Y
,676,League of the South,Lake City,Florida,League of the South,Neo-Confederate,,,2018,Y
,677,League of the South,Hialeah,Florida,League of the South,Neo-Confederate,,,2018,Y
,678,League of the South,Panama City,Florida,League of the South,Neo-Confederate,,,2018,Y
,679,League of the South,Ocala,Florida,League of the South,Neo-Confederate,,,2018,Y
,680,League of the South,Jacksonville,Florida,League of the South,Neo-Confederate,,,2018,Y
,681,League of the South,,Florida,League of the South,Neo-Confederate,,Yes,2018,Y
,682,League of the South,Powder Springs,Georgia,League of the South,Neo-Confederate,,,2018,Y
,683,League of the South,Cartersville,Georgia,League of the South,Neo-Confederate,,,2018,Y
,684,League of the South,Taylorsville,Kentucky,League of the South,Neo-Confederate,,,2018,Y
,685,League of the South,Gonzales,Louisiana,League of the South,Neo-Confederate,,,2018,Y
,686,League of the South,Jackson,Mississippi,League of the South,Neo-Confederate,,,2018,Y
,687,League of the South,Holly Springs,Mississippi,League of the South,Neo-Confederate,,,2018,Y
,688,League of the South,Columbia,South Carolina,League of the South,Neo-Confederate,,,2018,Y
,689,League of the South,Memphis,Tennessee,League of the South,Neo-Confederate,,,2018,Y
,690,League of the South,Gallatin,Tennessee,League of the South,Neo-Confederate,,,2018,Y
,691,League of the South,Johnson City,Tennessee,League of the South,Neo-Confederate,,,2018,Y
,692,League of the South,Knoxville,Tennessee,League of the South,Neo-Confederate,,,2018,Y
,693,League of the South,San Antonio,Texas,League of the South,Neo-Confederate,,,2018,Y
,694,League of the South,Pointblank,Texas,League of the South,Neo-Confederate,,,2018,Y
,695,League of the South,Danville,Virginia,League of the South,Neo-Confederate,,,2018,Y
,696,Southern Revivalist,,North Carolina,,Neo-Confederate,,Yes,2018,Y
,697,Wildman's Civil War Surplus and Herb Shop,Kennesaw,Georgia,,Neo-Confederate,Yes,,2018,Y
,698,America First Committee,Lyons,Illinois,,Neo-Nazi,,,2018,Y
,699,American Nazi Party,,California,,Neo-Nazi,,Yes,2018,Y
,700,American Nazi Party,Westland,Michigan,,Neo-Nazi,Yes,,2018,Y
,701,Aryan Nations Sadistic Souls MC,Canton,Illinois,Aryan Nations,Neo-Nazi,,,2018,Y
,702,Aryan Nations Sadistic Souls MC,Wood River,Illinois,Aryan Nations,Neo-Nazi,Yes,,2018,Y
,703,Aryan Nations Sadistic Souls MC,Grovespring,Missouri,Aryan Nations,Neo-Nazi,,,2018,Y
,704,Aryan Nations Sadistic Souls MC,,Ohio,Aryan Nations,Neo-Nazi,,Yes,2018,Y
,705,Aryan Nations Sadistic Souls MC,,Oklahoma,Aryan Nations,Neo-Nazi,,Yes,2018,Y
,706,Aryan Nations Sadistic Souls MC,,Wisconsin,Aryan Nations,Neo-Nazi,,Yes,2018,Y
,707,Atomwaffen Division,,Alabama,,Neo-Nazi,,Yes,2018,Y
,708,Atomwaffen Division,,Arizona,,Neo-Nazi,,Yes,2018,Y
,709,Atomwaffen Division,,Arkansas,,Neo-Nazi,,Yes,2018,Y
,710,Atomwaffen Division,,California,,Neo-Nazi,,Yes,2018,Y
,711,Atomwaffen Division,,Colorado,,Neo-Nazi,,Yes,2018,Y
,712,Atomwaffen Division,,Florida,,Neo-Nazi,,Yes,2018,Y
,713,Atomwaffen Division,,Georgia,,Neo-Nazi,,Yes,2018,Y
,714,Atomwaffen Division,,Illinois,,Neo-Nazi,,Yes,2018,Y
,715,Atomwaffen Division,,Kentucky,,Neo-Nazi,,Yes,2018,Y
,716,Atomwaffen Division,,Maine,,Neo-Nazi,,Yes,2018,Y
,717,Atomwaffen Division,,Maryland,,Neo-Nazi,,Yes,2018,Y
,718,Atomwaffen Division,,Massachusetts,,Neo-Nazi,,Yes,2018,Y
,719,Atomwaffen Division,,Michigan,,Neo-Nazi,,Yes,2018,Y
,720,Atomwaffen Division,,Minnesota,,Neo-Nazi,,Yes,2018,Y
,721,Atomwaffen Division,,Mississippi,,Neo-Nazi,,Yes,2018,Y
,722,Atomwaffen Division,,Missouri,,Neo-Nazi,,Yes,2018,Y
,723,Atomwaffen Division,Las Vegas,Nevada,,Neo-Nazi,,,2018,Y
,724,Atomwaffen Division,,New Jersey,,Neo-Nazi,,Yes,2018,Y
,725,Atomwaffen Division,,New York,,Neo-Nazi,,Yes,2018,Y
,726,Atomwaffen Division,,North Carolina,,Neo-Nazi,,Yes,2018,Y
,727,Atomwaffen Division,,Ohio,,Neo-Nazi,,Yes,2018,Y
,728,Atomwaffen Division,,Oklahoma,,Neo-Nazi,,Yes,2018,Y
,729,Atomwaffen Division,,South Carolina,,Neo-Nazi,,Yes,2018,Y
,730,Atomwaffen Division,,Texas,,Neo-Nazi,,Yes,2018,Y
,731,Atomwaffen Division,,Virginia,,Neo-Nazi,,Yes,2018,Y
,732,Atomwaffen Division,,Washington,,Neo-Nazi,,Yes,2018,Y
,733,Atomwaffen Division,,Wisconsin,,Neo-Nazi,,Yes,2018,Y
,734,"Creativity Alliance, The",,Florida,,Neo-Nazi,,Yes,2018,Y
,735,"Creativity Alliance, The",,Illinois,,Neo-Nazi,,Yes,2018,Y
,736,"Creativity Alliance, The",,Pennsylvania,,Neo-Nazi,,Yes,2018,Y
,737,"Creativity Alliance, The",Gladewater,Texas,,Neo-Nazi,Yes,,2018,Y
,738,"Creativity Movement, The",,Illinois,,Neo-Nazi,,Yes,2018,Y
,739,"Creativity Movement, The",,Ohio,,Neo-Nazi,,Yes,2018,Y
,740,"Creativity Movement, The",,Michigan,,Neo-Nazi,,Yes,2018,Y
,741,"Creativity Movement, The",Brookings,South Dakota,,Neo-Nazi,Yes,,2018,Y
,742,"Daily Stormer, The",,Alaska,,Neo-Nazi,,Yes,2018,Y
,743,"Daily Stormer, The",,California,,Neo-Nazi,,Yes,2018,Y
,744,"Daily Stormer, The",,Connecticut,,Neo-Nazi,,Yes,2018,Y
,745,"Daily Stormer, The",,Indiana,,Neo-Nazi,,Yes,2018,Y
,746,"Daily Stormer, The",,Louisiana,,Neo-Nazi,,Yes,2018,Y
,747,"Daily Stormer, The",,Maine,,Neo-Nazi,,Yes,2018,Y
,748,"Daily Stormer, The",,Michigan,,Neo-Nazi,,Yes,2018,Y
,749,"Daily Stormer, The",,Minnesota,,Neo-Nazi,,Yes,2018,Y
,750,"Daily Stormer, The",,Nebraska,,Neo-Nazi,,Yes,2018,Y
,751,"Daily Stormer, The",,Nevada,,Neo-Nazi,,Yes,2018,Y
,752,"Daily Stormer, The",,New Hampshire,,Neo-Nazi,,Yes,2018,Y
,753,"Daily Stormer, The",,New Jersey,,Neo-Nazi,,Yes,2018,Y
,754,"Daily Stormer, The",,North Carolina,,Neo-Nazi,,Yes,2018,Y
,755,"Daily Stormer, The",Worthington,Ohio,,Neo-Nazi,Yes,,2018,Y
,756,"Daily Stormer, The",,Oregon,,Neo-Nazi,,Yes,2018,Y
,757,"Daily Stormer, The",,Pennsylvania,,Neo-Nazi,,Yes,2018,Y
,758,"Daily Stormer, The",,South Carolina,,Neo-Nazi,,Yes,2018,Y
,759,"Daily Stormer, The",,Tennessee,,Neo-Nazi,,Yes,2018,Y
,760,"Daily Stormer, The",,Texas,,Neo-Nazi,,Yes,2018,Y
,761,"Daily Stormer, The",,Utah,,Neo-Nazi,,Yes,2018,Y
,762,"Daily Stormer, The",,Virginia,,Neo-Nazi,,Yes,2018,Y
,763,"Daily Stormer, The",,Washington,,Neo-Nazi,,Yes,2018,Y
,764,Endangered Souls RC/Crew 519,,Florida,,Neo-Nazi,,Yes,2018,Y
,765,Endangered Souls RC/Crew 519,,Idaho,,Neo-Nazi,,Yes,2018,Y
,766,National Alliance,,Iowa,National Alliance,Neo-Nazi,,Yes,2018,Y
,767,National Alliance,Laurel Bloomery,Tennessee,National Alliance,Neo-Nazi,,,2018,Y
,768,National Alliance,Hillsboro,West Virginia,National Alliance,Neo-Nazi,,,2018,Y
,769,National Alliance Reform and Restoration Group,Carson City,Nevada,National Alliance,Neo-Nazi,Yes,,2018,Y
,770,National Socialist German Workers Party,Lincoln,Nebraska,,Neo-Nazi,Yes,,2018,Y
,771,National Socialist Legion,,Tennessee,,Neo-Nazi,,Yes,2018,Y
,772,National Socialist Legion,,Texas,,Neo-Nazi,Yes,Yes,2018,Y
,773,National Socialist Liberation Front,,Alabama,,Neo-Nazi,,Yes,2018,Y
,774,National Socialist Liberation Front,,New York,,Neo-Nazi,,Yes,2018,Y
,775,National Socialist Liberation Front,,Pennsylvania,,Neo-Nazi,Yes,Yes,2018,Y
,776,National Socialist Movement,Maricopa,Arizona,National Socialist Movement,Neo-Nazi,,,2018,Y
,777,National Socialist Movement,,Florida,National Socialist Movement,Neo-Nazi,,Yes,2018,Y
,778,National Socialist Movement,,Illinois,National Socialist Movement,Neo-Nazi,,Yes,2018,Y
,779,National Socialist Movement,Detroit,Michigan,National Socialist Movement,Neo-Nazi,Yes,,2018,Y
,780,National Socialist Movement,,Pennsylvania,National Socialist Movement,Neo-Nazi,,Yes,2018,Y
,781,National Socialist Movement,,Tennessee,National Socialist Movement,Neo-Nazi,,Yes,2018,Y
,782,Nationalist Initiative,South Vienna,Ohio,,Neo-Nazi,Yes,,2018,Y
,783,Nationalist Women's Front,,California,,Neo-Nazi,,Yes,2018,Y
,784,New Order,Milwaukee,Wisconsin,,Neo-Nazi,Yes,,2018,Y
,785,Noble Breed Kindred,,California,,Neo-Nazi,,Yes,2018,Y
,786,NS Publications,Wyandotte,Michigan,,Neo-Nazi,Yes,,2018,Y
,787,PzG Inc.,Rapid City,South Dakota,,Neo-Nazi,,,2018,Y
,788,Radio Wehrwolf,Fitchburg,Wisconsin,,Neo-Nazi,Yes,,2018,Y
,789,Third Reich Books,Fairbury,Nebraska,,Neo-Nazi,Yes,,2018,Y
,790,Traditionalist Worker Party,,Alabama,Traditionalist Worker Party,Neo-Nazi,,Yes,2018,Y
,791,Traditionalist Worker Party,,Colorado,Traditionalist Worker Party,Neo-Nazi,,Yes,2018,Y
,792,Traditionalist Worker Party,,Florida,Traditionalist Worker Party,Neo-Nazi,,Yes,2018,Y
,793,Traditionalist Worker Party,,Georgia,Traditionalist Worker Party,Neo-Nazi,,Yes,2018,Y
,794,Traditionalist Worker Party,,Indiana,Traditionalist Worker Party,Neo-Nazi,Yes,Yes,2018,Y
,795,Traditionalist Worker Party,,Kentucky,Traditionalist Worker Party,Neo-Nazi,,Yes,2018,Y
,796,Traditionalist Worker Party,,Michigan,Traditionalist Worker Party,Neo-Nazi,,Yes,2018,Y
,797,Traditionalist Worker Party,,North Carolina,Traditionalist Worker Party,Neo-Nazi,,Yes,2018,Y
,798,Traditionalist Worker Party,,Ohio,Traditionalist Worker Party,Neo-Nazi,,Yes,2018,Y
,799,Traditionalist Worker Party,,Tennessee,Traditionalist Worker Party,Neo-Nazi,,Yes,2018,Y
,800,Traditionalist Worker Party,,Texas,Traditionalist Worker Party,Neo-Nazi,,Yes,2018,Y
,801,Traditionalist Worker Party,,Virginia,Traditionalist Worker Party,Neo-Nazi,,Yes,2018,Y
,802,Vanguard America,,Indiana,,Neo-Nazi,Yes,Yes,2018,Y
,803,Vanguard America,,Pennsylvania,,Neo-Nazi,,Yes,2018,Y
,804,Vanguard America,,Rhode Island,,Neo-Nazi,,Yes,2018,Y
,805,Vanguard America,,Tennessee,,Neo-Nazi,,Yes,2018,Y
,806,Vanguard America,,Texas,,Neo-Nazi,,Yes,2018,Y
,807,Vanguard America Women's Division,,Indiana,,Neo-Nazi,Yes,Yes,2018,Y
,808,Vanguard News Network,Kirksville,Missouri,,Neo-Nazi,Yes,,2018,Y
,809,White Aryan Resistance,San Jacinto,California,,Neo-Nazi,Yes,,2018,Y
,810,AC Skins,Atlantic City,New Jersey,,Racist Skinhead,,,2018,Y
,811,AC/OC,,California,,Racist Skinhead,,Yes,2018,Y
,812,AC/OC,,Nebraska,,Racist Skinhead,,Yes,2018,Y
,813,American Front,,Oregon,,Racist Skinhead,,Yes,2018,Y
,814,American Front,,Washington,,Racist Skinhead,,Yes,2018,Y
,815,American Patriot Brigade,,Oregon,,Racist Skinhead,,Yes,2018,Y
,816,American Patriot Brigade,,Washington,,Racist Skinhead,,Yes,2018,Y
,817,American Vikings Clothing,Danville,Illinois,,Racist Skinhead,,,2018,Y
,818,Aryan Skins Kindred,,Washington,,Racist Skinhead,,Yes,2018,Y
,819,Be Active Front USA,Chicago,Illinois,,Racist Skinhead,,,2018,Y
,820,Be Active Front USA,,Maryland,,Racist Skinhead,,Yes,2018,Y
,821,Be Active Front USA,Philadelphia,Pennsylvania,,Racist Skinhead,,,2018,Y
,822,Blood and Honour America Division,,California,Blood & Honour,Racist Skinhead,,Yes,2018,Y
,823,Blood and Honour Social Club,,Georgia,Blood & Honour,Racist Skinhead,,Yes,2018,Y
,824,Blood and Honour Social Club,,Indiana,Blood & Honour,Racist Skinhead,,Yes,2018,Y
,825,Blood and Honour Social Club,,New York,Blood & Honour,Racist Skinhead,,Yes,2018,Y
,826,Blood and Honour Social Club,,North Carolina,Blood & Honour,Racist Skinhead,Yes,Yes,2018,Y
,827,Blood and Honour Social Club,,Ohio,Blood & Honour,Racist Skinhead,,Yes,2018,Y
,828,Blood and Honour Social Club,,Pennsylvania,Blood & Honour,Racist Skinhead,,Yes,2018,Y
,829,Blood and Honour Social Club,,Virginia,Blood & Honour,Racist Skinhead,,Yes,2018,Y
,830,Blood and Honour USA,,North Carolina,,Racist Skinhead,,Yes,2018,Y
,831,Blood and Honour USA,,Virginia,,Racist Skinhead,,Yes,2018,Y
,832,California Skinheads,,California,,Racist Skinhead,Yes,Yes,2018,Y
,833,Confederate Hammerskins,,Florida,,Racist Skinhead,,Yes,2018,Y
,834,Confederate Hammerskins,,Georgia,,Racist Skinhead,,Yes,2018,Y
,835,Confederate Hammerskins,,North Carolina,,Racist Skinhead,,Yes,2018,Y
,836,Confederate Hammerskins,,Tennessee,,Racist Skinhead,,Yes,2018,Y
,837,Confederate Hammerskins,,Virginia,,Racist Skinhead,,Yes,2018,Y
,838,Crew 38,,California,,Racist Skinhead,,Yes,2018,Y
,839,Crew 38,,Florida,,Racist Skinhead,,Yes,2018,Y
,840,Crew 38,,Georgia,,Racist Skinhead,,Yes,2018,Y
,841,Crew 38,,Idaho,,Racist Skinhead,,Yes,2018,Y
,842,Crew 38,,New Hampshire,,Racist Skinhead,,Yes,2018,Y
,843,Crew 38,,North Carolina,,Racist Skinhead,,Yes,2018,Y
,844,Crew 38,,Oregon,,Racist Skinhead,,Yes,2018,Y
,845,Crew 38,,Washington,,Racist Skinhead,,Yes,2018,Y
,846,Eastern Hammerskins,,New Hampshire,,Racist Skinhead,,Yes,2018,Y
,847,Firm 22,,Florida,,Racist Skinhead,,Yes,2018,Y
,848,Firm 22,,Indiana,,Racist Skinhead,,Yes,2018,Y
,849,Firm 22,,Missouri,,Racist Skinhead,,Yes,2018,Y
,850,Firm 22,,New Hampshire,,Racist Skinhead,,Yes,2018,Y
,851,Firm 22,,New Jersey,,Racist Skinhead,,Yes,2018,Y
,852,Firm 22,,New York,,Racist Skinhead,,Yes,2018,Y
,853,Firm 22,,Ohio,,Racist Skinhead,,Yes,2018,Y
,854,Firm 22,,Washington,,Racist Skinhead,,Yes,2018,Y
,855,Golden State Skinheads,Northern,California,,Racist Skinhead,Yes,,2018,Y
,856,Golden State Skinheads,Southern,California,,Racist Skinhead,,,2018,Y
,857,Keystone State Skinheads,,Pennsylvania,,Racist Skinhead,,Yes,2018,Y
,858,Midland Hammerskins,,Kansas,,Racist Skinhead,,Yes,2018,Y
,859,Midland Hammerskins,,Texas,,Racist Skinhead,,Yes,2018,Y
,860,Northern Hammerskins,Detroit,Michigan,,Racist Skinhead,,,2018,Y
,861,Northwest Hammerskins,,Idaho,,Racist Skinhead,,Yes,2018,Y
,862,Northwest Hammerskins,,Oregon,,Racist Skinhead,,Yes,2018,Y
,863,Northwest Hammerskins,,Washington,,Racist Skinhead,,Yes,2018,Y
,864,Sacto Skins,Sacramento,California,,Racist Skinhead,Yes,,2018,Y
,865,United Southern Skins,,Florida,,Racist Skinhead,,Yes,2018,Y
,866,Vinlanders Social Club,,Florida,Vinlanders Social Club,Racist Skinhead,,Yes,2018,Y
,867,Vinlanders Social Club,,Indiana,Vinlanders Social Club,Racist Skinhead,Yes,Yes,2018,Y
,868,Vinlanders Social Club,,Minnesota,Vinlanders Social Club,Racist Skinhead,,Yes,2018,Y
,869,Vinlanders Social Club,,Texas,Vinlanders Social Club,Racist Skinhead,,Yes,2018,Y
,870,Vinlanders Social Club,,Washington,Vinlanders Social Club,Racist Skinhead,,Yes,2018,Y
,871,Warrior's Pride Clothing,Bakersfield,California,,Racist Skinhead,,,2018,Y
,872,Western Hammerskins,,California,,Racist Skinhead,,Yes,2018,Y
,873,Affirmative Right,Atlanta,Georgia,,White Nationalist,Yes,,2018,Y
,874,AltRight Corporation,Alexandria,Virginia,,White Nationalist,Yes,,2018,Y
,875,American Freedom Party,Los Angeles,California,American Freedom Party,White Nationalist,Yes,,2018,Y
,876,American Freedom Party,Lakewood Ranch,Florida,American Freedom Party,White Nationalist,,,2018,Y
,877,American Freedom Party,Bradenton,Florida,American Freedom Party,White Nationalist,,,2018,Y
,878,American Freedom Party,,Indiana,American Freedom Party,White Nationalist,,Yes,2018,Y
,879,American Freedom Party,,Montana,American Freedom Party,White Nationalist,,Yes,2018,Y
,880,American Freedom Party,New York,New York,American Freedom Party,White Nationalist,,,2018,Y
,881,American Freedom Party,,New York,American Freedom Party,White Nationalist,,Yes,2018,Y
,882,American Freedom Party,,North Dakota,American Freedom Party,White Nationalist,,Yes,2018,Y
,883,American Freedom Party,Granbury,Texas,American Freedom Party,White Nationalist,,,2018,Y
,884,American Freedom Party,,Wisconsin,American Freedom Party,White Nationalist,,Yes,2018,Y
,885,American Freedom Union,Hampton Township,Pennsylvania,,White Nationalist,Yes,,2018,Y
,886,American Renaissance/New Century Foundation,Oakton,Virginia,American Renaissance,White Nationalist,Yes,,2018,Y
,887,Arktos Media,New York,New York,,White Nationalist,Yes,,2018,Y
,888,Auburn White Student Union,Auburn,Alabama,,White Nationalist,Yes,,2018,Y
,889,"Conservative Citizens Foundation, Inc.",Blackwell,Missouri,Council of Conservative Citizens,White Nationalist,Yes,,2018,Y
,890,Council of Conservative Citizens,Blackwell,Missouri,Council of Conservative Citizens,White Nationalist,Yes,,2018,Y
,891,Counter-Currents Publishing,San Francisco,California,,White Nationalist,Yes,,2018,Y
,892,Exodus/Americanus,Floyds Knobs,Indiana,,White Nationalist,Yes,,2018,Y
,893,Faith and Heritage,Killeen,Texas,,White Nationalist,Yes,,2018,Y
,894,"Fitzgerald Griffin Foundation, The",Vienna,Virginia,,White Nationalist,Yes,,2018,Y
,895,Forza Nuova,Trenton,New Jersey,,White Nationalist,Yes,,2018,Y
,896,Foundation for the Marketplace of Ideas,Clinton Township,Michigan,,White Nationalist,Yes,,2018,Y
,897,Free American,Big Spring,Texas,,White Nationalist,Yes,,2018,Y
,898,FreeStartr,Carson City,Nevada,,White Nationalist,Yes,,2018,Y
,899,H.L. Mencken Club,Elizabethtown,Pennsylvania,,White Nationalist,Yes,,2018,Y
,900,Identity Evropa,,Arizona,Identity Evropa,White Nationalist,,Yes,2018,Y
,901,Identity Evropa,,Arkansas,Identity Evropa,White Nationalist,,Yes,2018,Y
,902,Identity Evropa,Redding,California,Identity Evropa,White Nationalist,,,2018,Y
,903,Identity Evropa,San Francisco,California,Identity Evropa,White Nationalist,,,2018,Y
,904,Identity Evropa,San Diego,California,Identity Evropa,White Nationalist,,,2018,Y
,905,Identity Evropa,Denver,Colorado,Identity Evropa,White Nationalist,,,2018,Y
,906,Identity Evropa,Colorado Springs,Colorado,Identity Evropa,White Nationalist,,,2018,Y
,907,Identity Evropa,Boulder,Colorado,Identity Evropa,White Nationalist,,,2018,Y
,908,Identity Evropa,,Connecticut,Identity Evropa,White Nationalist,,Yes,2018,Y
,909,Identity Evropa,Washington,District of Columbia,Identity Evropa,White Nationalist,,,2018,Y
,910,Identity Evropa,Gainesville,Florida,Identity Evropa,White Nationalist,,,2018,Y
,911,Identity Evropa,Lakeland,Florida,Identity Evropa,White Nationalist,,,2018,Y
,912,Identity Evropa,Savannah,Georgia,Identity Evropa,White Nationalist,,,2018,Y
,913,Identity Evropa,Atlanta,Georgia,Identity Evropa,White Nationalist,,,2018,Y
,914,Identity Evropa,Chicago,Illinois,Identity Evropa,White Nationalist,,,2018,Y
,915,Identity Evropa,Indianapolis,Indiana,Identity Evropa,White Nationalist,,,2018,Y
,916,Identity Evropa,,Kansas,Identity Evropa,White Nationalist,,Yes,2018,Y
,917,Identity Evropa,,Kentucky,Identity Evropa,White Nationalist,,Yes,2018,Y
,918,Identity Evropa,New Orleans,Louisiana,Identity Evropa,White Nationalist,,,2018,Y
,919,Identity Evropa,,Maryland,Identity Evropa,White Nationalist,,Yes,2018,Y
,920,Identity Evropa,,Michigan,Identity Evropa,White Nationalist,,Yes,2018,Y
,921,Identity Evropa,,Minnesota,Identity Evropa,White Nationalist,,Yes,2018,Y
,922,Identity Evropa,Billings,Montana,Identity Evropa,White Nationalist,,,2018,Y
,923,Identity Evropa,Las Vegas,Nevada,Identity Evropa,White Nationalist,,,2018,Y
,924,Identity Evropa,,New Jersey,Identity Evropa,White Nationalist,,Yes,2018,Y
,925,Identity Evropa,,New York,Identity Evropa,White Nationalist,,Yes,2018,Y
,926,Identity Evropa,,North Carolina,Identity Evropa,White Nationalist,,Yes,2018,Y
,927,Identity Evropa,,Ohio,Identity Evropa,White Nationalist,,Yes,2018,Y
,928,Identity Evropa,,Oklahoma,Identity Evropa,White Nationalist,,Yes,2018,Y
,929,Identity Evropa,,Pennsylvania,Identity Evropa,White Nationalist,,Yes,2018,Y
,930,Identity Evropa,,Tennessee,Identity Evropa,White Nationalist,,Yes,2018,Y
,931,Identity Evropa,,Texas,Identity Evropa,White Nationalist,,Yes,2018,Y
,932,Identity Evropa,Salt Lake City,Utah,Identity Evropa,White Nationalist,,,2018,Y
,933,Identity Evropa,,Virginia,Identity Evropa,White Nationalist,Yes,Yes,2018,Y
,934,Identity Evropa,Seattle,Washington,Identity Evropa,White Nationalist,,,2018,Y
,935,Identity Evropa,Spokane,Washington,Identity Evropa,White Nationalist,,,2018,Y
,936,Identity Evropa,,Wisconsin,Identity Evropa,White Nationalist,,Yes,2018,Y
,937,Identity Evropa,,Wyoming,Identity Evropa,White Nationalist,,Yes,2018,Y
,938,National Policy Institute,Whitefish,Montana,,White Nationalist,,,2018,Y
,939,National Right,Jackman,Maine,,White Nationalist,Yes,,2018,Y
,940,New Albion,Jackman,Maine,,White Nationalist,Yes,,2018,Y
,941,Northwest Front,Bremerton,Washington,,White Nationalist,Yes,,2018,Y
,942,Occidental Dissent,Eufaula,Alabama,,White Nationalist,Yes,,2018,Y
,943,Occidental Observer,Laguna Hills,California,,White Nationalist,Yes,,2018,Y
,944,Occidental Quarterly/Charles Martel Society,Atlanta,Georgia,Occidental Quarterly,White Nationalist,Yes,,2018,Y
,945,Patriot Front,,California,,White Nationalist,,Yes,2018,Y
,946,Patriot Front,,Colorado,,White Nationalist,,Yes,2018,Y
,947,Patriot Front,Washington,District of Columbia,,White Nationalist,,,2018,Y
,948,Patriot Front,,Florida,,White Nationalist,,Yes,2018,Y
,949,Patriot Front,,Georgia,,White Nationalist,,Yes,2018,Y
,950,Patriot Front,,Illinois,,White Nationalist,,Yes,2018,Y
,951,Patriot Front,,Kentucky,,White Nationalist,,Yes,2018,Y
,952,Patriot Front,,Maryland,,White Nationalist,,Yes,2018,Y
,953,Patriot Front,,Massachusetts,,White Nationalist,,Yes,2018,Y
,954,Patriot Front,,Michigan,,White Nationalist,,Yes,2018,Y
,955,Patriot Front,,New York,,White Nationalist,,Yes,2018,Y
,956,Patriot Front,,Texas,,White Nationalist,Yes,Yes,2018,Y
,957,Patriot Front,,Utah,,White Nationalist,,Yes,2018,Y
,958,Patriot Front,,Vermont,,White Nationalist,,Yes,2018,Y
,959,Patriot Front,,Virginia,,White Nationalist,,Yes,2018,Y
,960,Patriot Front,,Washington,,White Nationalist,,Yes,2018,Y
,961,Patriotic Flags,Summerville,South Carolina,,White Nationalist,Yes,,2018,Y
,962,Pioneer Little Europe Kalispell Montana,Kalispell,Montana,,White Nationalist,Yes,,2018,Y
,963,"Political Cesspool, The",Bartlett,Tennessee,,White Nationalist,Yes,,2018,Y
,964,Racial Nationalist Party of America,Lockport,New York,,White Nationalist,Yes,,2018,Y
,965,Radix Journal,Whitefish,Montana,,White Nationalist,Yes,,2018,Y
,966,Real Republic of Florida,Tallahassee,Florida,,White Nationalist,Yes,,2018,Y
,967,Red Ice,Harrisonburg,Virginia,,White Nationalist,Yes,,2018,Y
,968,Right Brand Clothing,Anaheim,California,,White Nationalist,Yes,,2018,Y
,969,Rise Above Movement,Huntington Beach,California,,White Nationalist,Yes,,2018,Y
,970,Scott-Townsend Publishers,Washington,District of Columbia,,White Nationalist,Yes,,2018,Y
,971,Shieldwall Network,Mountain View,Arkansas,,White Nationalist,Yes,,2018,Y
,972,Shieldwall Network,Murfreesboro,Tennessee,,White Nationalist,,,2018,Y
,973,Shieldwall Network,New Boston,Texas,,White Nationalist,,,2018,Y
,974,Social Contract Press,Petoskey,Michigan,,White Nationalist,Yes,,2018,Y
,975,Stormfront,West Palm Beach,Florida,Stormfront,White Nationalist,Yes,,2018,Y
,976,The Right Stuff,,Alabama,,White Nationalist,,Yes,2018,Y
,977,The Right Stuff,,Arizona,,White Nationalist,,Yes,2018,Y
,978,The Right Stuff,Los Angeles,California,,White Nationalist,,,2018,Y
,979,The Right Stuff,San Francisco,California,,White Nationalist,,,2018,Y
,980,The Right Stuff,,Colorado,,White Nationalist,,Yes,2018,Y
,981,The Right Stuff,Washington,District of Columbia,,White Nationalist,,,2018,Y
,982,The Right Stuff,,Florida,,White Nationalist,,Yes,2018,Y
,983,The Right Stuff,,Hawaii,,White Nationalist,,Yes,2018,Y
,984,The Right Stuff,Chicago,Illinois,,White Nationalist,,,2018,Y
,985,The Right Stuff,,Indiana,,White Nationalist,,Yes,2018,Y
,986,The Right Stuff,,Louisiana,,White Nationalist,,Yes,2018,Y
,987,The Right Stuff,Baltimore,Maryland,,White Nationalist,,,2018,Y
,988,The Right Stuff,Boston,Massachusetts,,White Nationalist,,,2018,Y
,989,The Right Stuff,,Michigan,,White Nationalist,,Yes,2018,Y
,990,The Right Stuff,,Minnesota,,White Nationalist,,Yes,2018,Y
,991,The Right Stuff,St. Louis,Missouri,,White Nationalist,,,2018,Y
,992,The Right Stuff,Kansas City,Missouri,,White Nationalist,,,2018,Y
,993,The Right Stuff,Las Vegas,Nevada,,White Nationalist,,,2018,Y
,994,The Right Stuff,Hopewell Junction,New York,,White Nationalist,Yes,,2018,Y
,995,The Right Stuff,New York,New York,,White Nationalist,,,2018,Y
,996,The Right Stuff,,North Carolina,,White Nationalist,,Yes,2018,Y
,997,The Right Stuff,Cleveland,Ohio,,White Nationalist,,,2018,Y
,998,The Right Stuff,Columbus,Ohio,,White Nationalist,,,2018,Y
,999,The Right Stuff,Philadelphia,Pennsylvania,,White Nationalist,,,2018,Y
,1000,The Right Stuff,Pittsburgh,Pennsylvania,,White Nationalist,,,2018,Y
,1001,The Right Stuff,,South Carolina,,White Nationalist,,Yes,2018,Y
,1002,The Right Stuff,Memphis,Tennessee,,White Nationalist,,,2018,Y
,1003,The Right Stuff,Dallas,Texas,,White Nationalist,,,2018,Y
,1004,The Right Stuff,San Antonio,Texas,,White Nationalist,,,2018,Y
,1005,The Right Stuff,Austin,Texas,,White Nationalist,,,2018,Y
,1006,The Right Stuff,Houston,Texas,,White Nationalist,,,2018,Y
,1007,The Right Stuff,,Utah,,White Nationalist,,Yes,2018,Y
,1008,The Right Stuff,,Virginia,,White Nationalist,,Yes,2018,Y
,1009,The Right Stuff,,Wisconsin,,White Nationalist,,Yes,2018,Y
,1010,True Cascadia,Portland,Oregon,,White Nationalist,Yes,,2018,Y
,1011,Tyr 1 Security,Alexandria,Virginia,,White Nationalist,Yes,,2018,Y
,1012,Unity and Security for America,Charlottesville,Virginia,,White Nationalist,Yes,,2018,Y
,1013,"Vandal Brothers, LLC",Bath,Ohio,,White Nationalist,Yes,,2018,Y
,1014,VDARE Foundation,Warrenton,Virginia,VDARE,White Nationalist,Yes,,2018,Y
,1015,Washington Summit Publishers,Alexandria,Virginia,,White Nationalist,Yes,,2018,Y
,1016,WeSearchr,,California,WeSearchr,White Nationalist,Yes,Yes,2018,Y
,1017,Western Outlands Supply Company,Mesa,Arizona,,White Nationalist,Yes,,2018,Y
,1018,White Boy Society,,Illinois,,White Nationalist,Yes,Yes,2018,Y
,1019,White Boy Society,,Wisconsin,,White Nationalist,,Yes,2018,Y
,1020,White Rabbit Radio,Dearborn Heights,Michigan,,White Nationalist,Yes,,2018,Y
